/*
SQLyog Ultimate v11.11 (32 bit)
MySQL - 5.5.5-10.1.34-MariaDB : Database - s1k0n3k
*********************************************************************
*/

/*!40101 SET NAMES utf8 */;

/*!40101 SET SQL_MODE=''*/;

/*!40014 SET @OLD_UNIQUE_CHECKS=@@UNIQUE_CHECKS, UNIQUE_CHECKS=0 */;
/*!40014 SET @OLD_FOREIGN_KEY_CHECKS=@@FOREIGN_KEY_CHECKS, FOREIGN_KEY_CHECKS=0 */;
/*!40101 SET @OLD_SQL_MODE=@@SQL_MODE, SQL_MODE='NO_AUTO_VALUE_ON_ZERO' */;
/*!40111 SET @OLD_SQL_NOTES=@@SQL_NOTES, SQL_NOTES=0 */;
/*Table structure for table `d1r3kt0r4t` */

DROP TABLE IF EXISTS `d1r3kt0r4t`;

CREATE TABLE `d1r3kt0r4t` (
  `kd_direktorat` char(5) NOT NULL,
  `nm_direktorat` varchar(50) NOT NULL,
  PRIMARY KEY (`kd_direktorat`),
  KEY `nm_direktorat_idx` (`nm_direktorat`)
) ENGINE=InnoDB DEFAULT CHARSET=utf8;

/*Data for the table `d1r3kt0r4t` */

insert  into `d1r3kt0r4t`(`kd_direktorat`,`nm_direktorat`) values ('DIR01','Direktorat Konservasi Energi'),('DIR02','Direktorat Konservasi Energi 2'),('DIR03','Direktorat Konservasi Energi 3'),('x','nama x');

/*Table structure for table `iku` */

DROP TABLE IF EXISTS `iku`;

CREATE TABLE `iku` (
  `id_iku` int(11) NOT NULL AUTO_INCREMENT,
  `kd_subdir` varchar(10) NOT NULL DEFAULT '-',
  `nm_dokumen` varchar(255) NOT NULL DEFAULT '-',
  `upload_src_filename` varchar(255) NOT NULL DEFAULT '-',
  `upload_web_filename` varchar(255) NOT NULL DEFAULT '-',
  `id_user` varchar(50) NOT NULL DEFAULT '-',
  `wkt_input` datetime NOT NULL DEFAULT '0000-00-00 00:00:00',
  `ip_input` varchar(20) NOT NULL DEFAULT ':::1',
  PRIMARY KEY (`id_iku`)
) ENGINE=InnoDB DEFAULT CHARSET=latin1;

/*Data for the table `iku` */

/*Table structure for table `ind1k4t0r` */

DROP TABLE IF EXISTS `ind1k4t0r`;

CREATE TABLE `ind1k4t0r` (
  `id_indikator` char(9) NOT NULL DEFAULT '-',
  `prd_indikator` char(4) NOT NULL DEFAULT '-',
  `kd_subdir` char(3) NOT NULL DEFAULT '-' COMMENT 'DKA, DKE, DKK,DKP,DKT',
  `isi_indikator` text COMMENT 'Rencana Aksi',
  `kriteria_keberhasilan` varchar(50) NOT NULL DEFAULT '-',
  `bobot_capaian` varchar(50) NOT NULL DEFAULT '-',
  `id_user` char(50) NOT NULL DEFAULT '-',
  `wkt_input` datetime DEFAULT NULL,
  `ip_input` varchar(20) NOT NULL DEFAULT '-',
  PRIMARY KEY (`id_indikator`),
  KEY `prd_indikator_idx` (`prd_indikator`),
  KEY `kd_subdir_idx` (`kd_subdir`),
  KEY `prd_subdir_idx` (`prd_indikator`,`kd_subdir`)
) ENGINE=InnoDB DEFAULT CHARSET=utf8;

/*Data for the table `ind1k4t0r` */

insert  into `ind1k4t0r`(`id_indikator`,`prd_indikator`,`kd_subdir`,`isi_indikator`,`kriteria_keberhasilan`,`bobot_capaian`,`id_user`,`wkt_input`,`ip_input`) values ('DKA17001','2017','DKA','PENGAWASAN KONSERVASI ENERGI','-','50','BIS','2017-10-25 16:00:00','172.16.152.43'),('DKA17002','2017','DKA','JUMLAH GEDUNG PEMERINTAH YANG MENJADI OBYEK AUDIT ENERGI','-','50','BIS','2017-10-25 16:00:00','172.16.152.43'),('DKE17001','2017','DKE','PELAKSANAAN IGA','-','50','BIS','2017-10-25 16:00:00','172.16.152.43'),('DKE17002','2017','DKE','INVESTASI BIDANG KONSERVASI ENERGI','-','50','BIS','2017-10-25 16:00:00','172.16.152.43'),('DKP17001','2017','DKP','INTENSITAS ENERGI PRIMER (PENURUNAN RATA-RATA 1% PER TAHUN)','-','100','BIS','2017-10-25 16:00:00','172.16.152.43'),('DKT17001','2017','DKT','PENERBITAN STANDAR KINERJA ENERGI MINIMUM','-','50','BIS','2017-10-25 16:00:00','172.16.152.43'),('DKT17002','2017','DKT','PENURUNAN EMISI CO2','-','50','BIS','2017-10-25 16:00:00','172.16.152.43');

/*Table structure for table `r3nstr4` */

DROP TABLE IF EXISTS `r3nstr4`;

CREATE TABLE `r3nstr4` (
  `id_renstra` int(11) NOT NULL AUTO_INCREMENT,
  `prd_renstra` varchar(11) NOT NULL DEFAULT '-',
  `kd_subdir` varchar(10) NOT NULL DEFAULT '-',
  `isi_renstra` text NOT NULL,
  `cover_src_filename` varchar(255) NOT NULL DEFAULT '-',
  `cover_web_filename` varchar(255) NOT NULL DEFAULT '-',
  `file_src_filename` varchar(255) NOT NULL DEFAULT '-',
  `file_web_filename` varchar(255) NOT NULL DEFAULT '-',
  `id_user` varchar(50) NOT NULL DEFAULT '-',
  `wkt_input` datetime NOT NULL DEFAULT '0000-00-00 00:00:00',
  `ip_input` varchar(20) NOT NULL DEFAULT ':::1',
  PRIMARY KEY (`id_renstra`),
  KEY `prd_renstra_idx` (`prd_renstra`),
  KEY `kd_subdir_idx` (`kd_subdir`),
  KEY `prd_subdir_idx` (`prd_renstra`,`kd_subdir`)
) ENGINE=InnoDB AUTO_INCREMENT=41 DEFAULT CHARSET=utf8;

/*Data for the table `r3nstr4` */

insert  into `r3nstr4`(`id_renstra`,`prd_renstra`,`kd_subdir`,`isi_renstra`,`cover_src_filename`,`cover_web_filename`,`file_src_filename`,`file_web_filename`,`id_user`,`wkt_input`,`ip_input`) values (40,'1','DKA','1','alfa.png','875HNKjavboAH33jf_T69pzsYRxa3v_Nalfa.png','','','Rahmat Tri Yunandar, M.Kom','2018-01-17 08:27:06','::1');

/*Table structure for table `rkk4l_d1p4_h1st0ry` */

DROP TABLE IF EXISTS `rkk4l_d1p4_h1st0ry`;

CREATE TABLE `rkk4l_d1p4_h1st0ry` (
  `id_rkkal` int(11) NOT NULL,
  `kd_apbn` varchar(20) NOT NULL DEFAULT '-',
  `kd_subdir` char(3) NOT NULL DEFAULT '-',
  `thn_anggaran` varchar(15) NOT NULL DEFAULT '-',
  `uraian_kegiatan` text,
  `volume` int(10) NOT NULL DEFAULT '0',
  `satuan` varchar(25) NOT NULL DEFAULT '-',
  `harga_satuan` bigint(20) NOT NULL DEFAULT '0',
  `jumlah` bigint(20) NOT NULL DEFAULT '0',
  `anggaran` bigint(20) NOT NULL DEFAULT '0',
  `file_rkkal` varchar(20) NOT NULL DEFAULT '-',
  `id_user` char(11) NOT NULL DEFAULT '-',
  `wkt_input` datetime DEFAULT '0000-00-00 00:00:00',
  `ip_input` varchar(20) NOT NULL DEFAULT '-',
  `revisi` int(3) NOT NULL,
  PRIMARY KEY (`id_rkkal`,`kd_subdir`,`thn_anggaran`,`revisi`)
) ENGINE=InnoDB DEFAULT CHARSET=utf8;

/*Data for the table `rkk4l_d1p4_h1st0ry` */

insert  into `rkk4l_d1p4_h1st0ry`(`id_rkkal`,`kd_apbn`,`kd_subdir`,`thn_anggaran`,`uraian_kegiatan`,`volume`,`satuan`,`harga_satuan`,`jumlah`,`anggaran`,`file_rkkal`,`id_user`,`wkt_input`,`ip_input`,`revisi`) values (1,'057','DKA','2017','Pembinaan dan Pengawasan Pealaksanaan Labelisasi Taanda Hemat Energi pada Rumah Tangga',0,'',0,0,1068516000,'','BIS','2017-10-25 16:00:00','172.16.152.43',0),(1,'010.054','DKE','2017','Penyiaapan Insentif Efisiensi Energi',0,'',0,0,337925000,'','BIS','2017-10-25 16:00:00','172.16.152.43',0),(1,'012.051','DKK','2017','Sosialisasi Program Konservasi Energi di Sekolah Dasar',0,'',0,0,2100000000,'','BIS','2017-10-25 16:00:00','172.16.152.43',0),(1,'009.051','DKP','2017','Penyusunan Draft Regulasi Konservasi Energi (Draft Revisi PP 70/2009)',0,'',0,0,731006000,'','BIS','2017-10-25 16:00:00','172.16.152.43',0),(1,'9051','DKP','2017','Penyusunan Draft Regulasi Konservasi Energi (Draft Revisi PP 70/2009)',0,'',0,0,731006000,'-','admin','2017-12-22 04:44:03','::1',1),(1,'009.052','DKT','2017','Penyusunan Draft SKEM dan Pembubuhan Label Tanda Hemat Energi',0,'',0,0,710906000,'','BIS','2017-10-25 16:00:00','172.16.152.43',0),(2,'521211','DKA','2017','Belanja Bahan',0,'',0,0,35650000,'','BIS','2017-10-25 16:00:00','172.16.152.43',0),(2,'521211','DKE','2017','Belanja Bahan',0,'',0,0,14031000,'','BIS','2017-10-25 16:00:00','172.16.152.43',0),(2,'522191','DKK','2017','Belanja Jasa Lainnya',0,'',0,0,2100000000,'','BIS','2017-10-25 16:00:00','172.16.152.43',0),(2,'521211','DKP','2017','Belanja Bahan',0,'',0,0,23650000,'','BIS','2017-10-25 16:00:00','172.16.152.43',0),(2,'521211','DKP','2017','Belanja Bahan',0,'',0,0,23650000,'-','admin','2017-12-22 04:44:04','::1',1),(2,'521211','DKT','2017','Belanja Bahan',0,'',0,0,19028000,'','BIS','2017-10-25 16:00:00','172.16.152.43',0),(3,'','DKA','2017','- Konsumsi Rapat',0,'',0,0,20400000,'','BIS','2017-10-25 16:00:00','172.16.152.43',0),(3,'','DKE','2017','- Konsumsi Rapat',0,'',0,0,11520000,'','BIS','2017-10-25 16:00:00','172.16.152.43',0),(3,'052','DKK','2017','Pelaksanaan Bimbingan Teknis dan Penyuluhan Konservasi Energi',0,'',0,0,2609756000,'','BIS','2017-10-25 16:00:00','172.16.152.43',0),(3,'','DKP','2017','Konsumsi Rapat',0,'',0,0,0,'','BIS','2017-10-25 16:00:00','172.16.152.43',0),(3,'','DKP','2017','Konsumsi Rapat',0,'',0,0,0,'-','admin','2017-12-22 04:44:04','::1',1),(3,'','DKT','2017','- Fotokopi, bahan rapat, pencetakan, penjilidan',0,'',0,0,1748000,'','BIS','2017-10-25 16:00:00','172.16.152.43',0),(4,'','DKA','2017','- Penggandaan Materi dan Pembuatan Laporan , Foto Copy, Penjilidan',0,'',0,0,15250000,'','BIS','2017-10-25 16:00:00','172.16.152.43',0),(4,'','DKE','2017','- Biaya Pencetakan Laporan Akhir',0,'',0,0,2511000,'','BIS','2017-10-25 16:00:00','172.16.152.43',0),(4,'521211','DKK','2017','Belanja Bahan',0,'',0,0,306380000,'','BIS','2017-10-25 16:00:00','172.16.152.43',0),(4,'521213','DKP','2017','Honor Output Kegiatan',0,'',0,0,353500000,'','BIS','2017-10-25 16:00:00','172.16.152.43',0),(4,'521213','DKP','2017','Honor Output Kegiatan',0,'',0,0,353500000,'-','admin','2017-12-22 04:44:04','::1',1),(4,'','DKT','2017','- Konsumsi Rapat',0,'',0,0,17280000,'','BIS','2017-10-25 16:00:00','172.16.152.43',0),(5,'521213','DKA','2017','Honor Output Kegiatan',0,'',0,0,152500000,'','BIS','2017-10-25 16:00:00','172.16.152.43',0),(5,'521213','DKE','2017','Honor Output Kegiatan',0,'',0,0,157000000,'','BIS','2017-10-25 16:00:00','172.16.152.43',0),(5,'','DKK','2017','- Konsumsi Rapat',0,'',0,0,5850000,'','BIS','2017-10-25 16:00:00','172.16.152.43',0),(5,'521811','DKP','2017','Belanja Barang Untuk Persediaan Barang konsumsi',0,'',0,0,9480000,'','BIS','2017-10-25 16:00:00','172.16.152.43',0),(5,'521811','DKP','2017','Belanja Barang Untuk Persediaan Barang konsumsi',0,'',0,0,9480000,'-','admin','2017-12-22 04:44:04','::1',1),(5,'521213','DKT','2017','Honor Output Kegiatan',0,'',0,0,341000000,'','BIS','2017-10-25 16:00:00','172.16.152.43',0),(6,'521219','DKA','2017','Belanja Barang Non Operasional Lainnya',0,'',0,0,50000000,'','BIS','2017-10-25 16:00:00','172.16.152.43',0),(6,'521811 ','DKE','2017','Belanja Barang Untuk Persediaan Barang konsumsi',0,'',0,0,9075000,'','BIS','2017-10-25 16:00:00','172.16.152.43',0),(6,'','DKK','2017','- Penggandaan Materi , Pencetakan, dan Penjilidan Laporan',0,'',0,0,300530000,'','BIS','2017-10-25 16:00:00','172.16.152.43',0),(6,'522151','DKP','2017','Belanja Jasa Profesi',0,'',0,0,242700000,'','BIS','2017-10-25 16:00:00','172.16.152.43',0),(6,'522151','DKP','2017','Belanja Jasa Profesi',0,'',0,0,242700000,'-','admin','2017-12-22 04:44:04','::1',1),(6,'521219','DKT','2017','Belanja Barang Non Operasional Lainnya',0,'',0,0,10000000,'','BIS','2017-10-25 16:00:00','172.16.152.43',0),(7,'521811 ','DKA','2017','Belanja Barang Untuk Persediaan Barang konsumsi',0,'',0,0,8895000,'','BIS','2017-10-25 16:00:00','172.16.152.43',0),(7,'522151','DKE','2017','Belanja Jasa Profesi',0,'',0,0,39600000,'','BIS','2017-10-25 16:00:00','172.16.152.43',0),(7,'521213','DKK','2017','Honor Output Kegiatan',0,'',0,0,186500000,'','BIS','2017-10-25 16:00:00','172.16.152.43',0),(7,'524111','DKP','2017','Belanja Perjalanan Biasa',0,'',0,0,41546000,'','BIS','2017-10-25 16:00:00','172.16.152.43',0),(7,'524111','DKP','2017','Belanja Perjalanan Biasa',0,'',0,0,41546000,'-','admin','2017-12-22 04:44:04','::1',1),(7,'521811 ','DKT','2017','Belanja Barang Untuk Persediaan Barang konsumsi',0,'',0,0,9937000,'','BIS','2017-10-25 16:00:00','172.16.152.43',0),(8,'522141','DKA','2017','Belanja Sewa ',0,'',0,0,15682000,'','BIS','2017-10-25 16:00:00','172.16.152.43',0),(8,'524111','DKE','2017','Belanja Perjalanan Biasa',0,'',0,0,115219000,'','BIS','2017-10-25 16:00:00','172.16.152.43',0),(8,'521811 ','DKK','2017','Belanja Barang Untuk Persediaan Barang konsumsi',0,'',0,0,9000000,'','BIS','2017-10-25 16:00:00','172.16.152.43',0),(8,'524119','DKP','2017','Belanja Perjalanan Dinas Paket Meeting Luar Kota',0,'',0,0,60130000,'','BIS','2017-10-25 16:00:00','172.16.152.43',0),(8,'524119','DKP','2017','Belanja Perjalanan Dinas Paket Meeting Luar Kota',0,'',0,0,60130000,'-','admin','2017-12-22 04:44:04','::1',1),(8,'522151','DKT','2017','Belanja Jasa Profesi',0,'',0,0,79200000,'','BIS','2017-10-25 16:00:00','172.16.152.43',0),(9,'522151','DKA','2017','Belanja Jasa Profesi',0,'',0,0,98600000,'','BIS','2017-10-25 16:00:00','172.16.152.43',0),(9,'524114','DKE','2017','Belanja Perjalanan Dinas Paket Meeting Dalam Kota',0,'',0,0,3000000,'','BIS','2017-10-25 16:00:00','172.16.152.43',0),(9,'522151','DKK','2017','Belanja Jasa Profesi',0,'',0,0,367200000,'','BIS','2017-10-25 16:00:00','172.16.152.43',0),(9,'010. 051','DKP','2017','Koordinasi dan Konsultasi Dalam Rangka Percepatan Penerapan Konservasi Energi',0,'',0,0,1200163000,'','BIS','2017-10-25 16:00:00','172.16.152.43',0),(9,'010. 051','DKP','2017','Koordinasi dan Konsultasi Dalam Rangka Percepatan Penerapan Konservasi Energi',0,'',0,0,1200163000,'-','admin','2017-12-22 04:44:04','::1',1),(9,'522191','DKT','2017','Belanjan Jasa lainnya',0,'',0,0,30000000,'','BIS','2017-10-25 16:00:00','172.16.152.43',0),(10,'522191','DKA','2017','Belanja Jasa Lainnya',0,'',0,0,287831000,'','BIS','2017-10-25 16:00:00','172.16.152.43',0),(10,'055','DKE','2017','Penyiapan Investasi Efisiensi Energi Sektor Industri dan Bangunan ',0,'',0,0,522450000,'','BIS','2017-10-25 16:00:00','172.16.152.43',0),(10,'522191','DKK','2017','Belanja Jasa Lainnya',0,'',0,0,360416000,'','BIS','2017-10-25 16:00:00','172.16.152.43',0),(10,'521211','DKP','2017','Belanja Bahan',0,'',0,0,31320000,'','BIS','2017-10-25 16:00:00','172.16.152.43',0),(10,'521211','DKP','2017','Belanja Bahan',0,'',0,0,31320000,'-','admin','2017-12-22 04:44:04','::1',1),(10,'524111','DKT','2017','Belanja Perjalanan Biasa',0,'',0,0,67936000,'','BIS','2017-10-25 16:00:00','172.16.152.43',0),(11,'524111','DKA','2017','Belanja Perjalanan Biasa',0,'',0,0,201438000,'','BIS','2017-10-25 16:00:00','172.16.152.43',0),(11,'521211','DKE','2017','Belanja Bahan',0,'',0,0,7168000,'','BIS','2017-10-25 16:00:00','172.16.152.43',0),(11,'524111','DKK','2017','Belanja Perjalanan Biasa',0,'',0,0,180000000,'','BIS','2017-10-25 16:00:00','172.16.152.43',0),(11,'','DKP','2017','- Penggandaan dan Penjilidan dokumen  rapat, dan Laporan',0,'',0,0,15000000,'','BIS','2017-10-25 16:00:00','172.16.152.43',0),(11,'','DKP','2017','- Penggandaan dan Penjilidan dokumen  rapat, dan Laporan',0,'',0,0,15000000,'-','admin','2017-12-22 04:44:04','::1',1),(11,'524113','DKT','2017','Belanja Perjalanan Dinas Dalam Kota',0,'',0,0,4200000,'','BIS','2017-10-25 16:00:00','172.16.152.43',0),(12,'524114','DKA','2017','Belanja Perjalanan Dinas Paket Meeting Dalam Kota',0,'',0,0,26250000,'','BIS','2017-10-25 16:00:00','172.16.152.43',0),(12,'','DKE','2017','Konsumsi Rapat',0,'',0,0,0,'','BIS','2017-10-25 16:00:00','172.16.152.43',0),(12,'524113','DKK','2017','Belanja Perjalanan Dinas dalam Kota',0,'',0,0,9000000,'','BIS','2017-10-25 16:00:00','172.16.152.43',0),(12,'','DKP','2017','- Konsumsi Rapat',0,'',0,0,16320000,'','BIS','2017-10-25 16:00:00','172.16.152.43',0),(12,'','DKP','2017','-',0,'',0,0,16320000,'-','admin','2017-12-22 04:44:04','::1',1),(12,'524114','DKT','2017','Belanja Perjalanan Dinas Paket Meeting Dalam Kota',0,'',0,0,28000000,'','BIS','2017-10-25 16:00:00','172.16.152.43',0),(13,'524119','DKA','2017','Belanja Perjalanan Dinas Paket Meeting Luar Kota',0,'',0,0,191670000,'','BIS','2017-10-25 16:00:00','172.16.152.43',0),(13,'521213','DKE','2017','Honor Output Kegiatan',0,'',0,0,152500000,'','BIS','2017-10-25 16:00:00','172.16.152.43',0),(13,'524119','DKK','2017','Belanja Perjalanan Dinas Paket Meeting Luar Kota',0,'',0,0,1191260000,'','BIS','2017-10-25 16:00:00','172.16.152.43',0),(13,'521213','DKP','2017','Honor Output Kegiatan',0,'',0,0,353500000,'','BIS','2017-10-25 16:00:00','172.16.152.43',0),(13,'521213','DKP','2017','Honor Output Kegiatan',0,'',0,0,353500000,'-','admin','2017-12-22 04:44:04','::1',1),(13,'524119','DKT','2017','Belanja Perjalanan Dinas Paket Meeting Luar Kota',0,'',0,0,121605000,'','BIS','2017-10-25 16:00:00','172.16.152.43',0),(14,'059','DKA','2017','Pemantauan dan Evaluasi Pelaksanaan Penghematan Energi di Instansi Pemerintah',0,'',0,0,981346000,'','BIS','2017-10-25 16:00:00','172.16.152.43',0),(14,'521811 ','DKE','2017','Belanja Barang Untuk Persediaan Barang konsumsi',0,'',0,0,9870000,'','BIS','2017-10-25 16:00:00','172.16.152.43',0),(14,'053','DKK','2017','Publikasi Konservasi Energi Pada Masyarakat Umum',0,'',0,0,20234650000,'','BIS','2017-10-25 16:00:00','172.16.152.43',0),(14,'521811 ','DKP','2017','Belanja Barang Untuk Persediaan Barang konsumsi',0,'',0,0,8409000,'','BIS','2017-10-25 16:00:00','172.16.152.43',0),(14,'521811','DKP','2017','Belanja Barang Untuk Persediaan Barang konsumsi',0,'',0,0,8409000,'-','admin','2017-12-22 04:44:04','::1',1),(14,'053','DKT','2017','Penyusunan Draft SNI di Bidang  Konservasi Energi',0,'',0,0,390040000,'','BIS','2017-10-25 16:00:00','172.16.152.43',0),(15,'521211','DKA','2017','Belanja Bahan',0,'',0,0,45600000,'','BIS','2017-10-25 16:00:00','172.16.152.43',0),(15,'522131','DKE','2017','Belanja Jasa Konsultan (Tenaga Ahli Ekonomi)',0,'',0,0,80000000,'','BIS','2017-10-25 16:00:00','172.16.152.43',0),(15,'521211','DKK','2017','Belanja Bahan',0,'',0,0,152750000,'','BIS','2017-10-25 16:00:00','172.16.152.43',0),(15,'522141','DKP','2017','Belanja Sewa (Sewa kendaraan Roda Empat)',0,'',0,0,7508000,'','BIS','2017-10-25 16:00:00','172.16.152.43',0),(15,'522141','DKP','2017','Belanja Sewa (Sewa kendaraan Roda Empat)',0,'',0,0,7508000,'-','admin','2017-12-22 04:44:04','::1',1),(15,'521211','DKT','2017','Belanja Bahan',0,'',0,0,26043000,'','BIS','2017-10-25 16:00:00','172.16.152.43',0),(16,'','DKA','2017','- Konsumsi Rapat',0,'',0,0,30600000,'','BIS','2017-10-25 16:00:00','172.16.152.43',0),(16,'522151','DKE','2017','Belanja Jasa Profesi',0,'',0,0,56000000,'','BIS','2017-10-25 16:00:00','172.16.152.43',0),(16,'','DKK','2017','- Konsumsi Rapat',0,'',0,0,9750000,'','BIS','2017-10-25 16:00:00','172.16.152.43',0),(16,'522151','DKP','2017','Belanja Jasa Profesi',0,'',0,0,173000000,'','BIS','2017-10-25 16:00:00','172.16.152.43',0),(16,'522151','DKP','2017','Belanja Jasa Profesi',0,'',0,0,173000000,'-','admin','2017-12-22 04:44:04','::1',1),(16,'','DKT','2017','- Fotokopi, bahan rapat, pencetakan, penjilidan',0,'',0,0,3003000,'','BIS','2017-10-25 16:00:00','172.16.152.43',0),(17,'','DKA','2017','- Penggandaan Materi dan Pembuatan Laporan , Foto Copy, Penjilidan',0,'',0,0,15000000,'','BIS','2017-10-25 16:00:00','172.16.152.43',0),(17,'524111','DKE','2017','Belanja Perjalanan Biasa',0,'',0,0,48512000,'','BIS','2017-10-25 16:00:00','172.16.152.43',0),(17,'','DKK','2017','- Penggandaan, Pencetakan, Pembelian Bahan SNI dan Penjilidan Laporan',0,'',0,0,143000000,'','BIS','2017-10-25 16:00:00','172.16.152.43',0),(17,'524111','DKP','2017','Belanja Perjalanan Biasa',0,'',0,0,230126000,'','BIS','2017-10-25 16:00:00','172.16.152.43',0),(17,'524111','DKP','2017','Belanja Perjalanan Biasa',0,'',0,0,230126000,'-','admin','2017-12-22 04:44:04','::1',1),(17,'','DKT','2017','- Konsumsi Rapat',0,'',0,0,23040000,'','BIS','2017-10-25 16:00:00','172.16.152.43',0),(18,'521213','DKA','2017','Honor Output Kegiatan',0,'',0,0,357600000,'','BIS','2017-10-25 16:00:00','172.16.152.43',0),(18,'524114','DKE','2017','Belanja Perjalanan Dinas Paket Meeting Dalam Kota',0,'',0,0,78000000,'','BIS','2017-10-25 16:00:00','172.16.152.43',0),(18,'521213','DKK','2017','Honor Output Kegiatan',0,'',0,0,157000000,'','BIS','2017-10-25 16:00:00','172.16.152.43',0),(18,'524113','DKP','2017','Belanja Perjalanan Dinas Dalam Kota',0,'',0,0,9000000,'','BIS','2017-10-25 16:00:00','172.16.152.43',0),(18,'524113','DKP','2017','Belanja Perjalanan Dinas Dalam Kota',0,'',0,0,9000000,'-','admin','2017-12-22 04:44:04','::1',1),(18,'521213','DKT','2017','Honor Output Kegiatan',0,'',0,0,142500000,'','BIS','2017-10-25 16:00:00','172.16.152.43',0),(19,'521811 ','DKA','2017','Belanja Barang Untuk Persediaan Barang konsumsi',0,'',0,0,9944000,'','BIS','2017-10-25 16:00:00','172.16.152.43',0),(19,'524119','DKE','2017','Belanja Perjalanan Dinas Paket Meeting Luar Kota',0,'',0,0,90400000,'','BIS','2017-10-25 16:00:00','172.16.152.43',0),(19,'521811 ','DKK','2017','Belanja Barang Untuk Persediaan Barang konsumsi',0,'',0,0,9000000,'','BIS','2017-10-25 16:00:00','172.16.152.43',0),(19,'524114','DKP','2017','Belanja Perjalanan Dinas Paket Meeting Dalam Kota',0,'',0,0,82880000,'','BIS','2017-10-25 16:00:00','172.16.152.43',0),(19,'524114','DKP','2017','Belanja Perjalanan Dinas Paket Meeting Dalam Kota',0,'',0,0,82880000,'-','admin','2017-12-22 04:44:04','::1',1),(19,'521811 ','DKT','2017','Belanja Barang Untuk Persediaan Barang konsumsi',0,'',0,0,7423000,'','BIS','2017-10-25 16:00:00','172.16.152.43',0),(20,'522141','DKA','2017','Belanja Sewa ',0,'',0,0,15144000,'','BIS','2017-10-25 16:00:00','172.16.152.43',0),(20,'056','DKE','2017','Penyusunan PedomanPembiayaan Investasi Efisienssi Energi',0,'',0,0,421180000,'','BIS','2017-10-25 16:00:00','172.16.152.43',0),(20,'522131','DKK','2017','Belanja Jasa Konsultan (Duta Konservasi Energi)',0,'',0,0,120000000,'','BIS','2017-10-25 16:00:00','172.16.152.43',0),(20,'524119','DKP','2017','Belanja Perjalanan Dinas Paket Meeting Luar Kota',0,'',0,0,304420000,'','BIS','2017-10-25 16:00:00','172.16.152.43',0),(20,'524119','DKP','2017','Belanja Perjalanan Dinas Paket Meeting Luar Kota',0,'',0,0,304420000,'-','admin','2017-12-22 04:44:04','::1',1),(20,'522151','DKT','2017','Belanja Jasa Profesi',0,'',0,0,72000000,'','BIS','2017-10-25 16:00:00','172.16.152.43',0),(21,'522151','DKA','2017','Belanja Jasa Profesi',0,'',0,0,102600000,'','BIS','2017-10-25 16:00:00','172.16.152.43',0),(21,'521211','DKE','2017','Belanja Bahan',0,'',0,0,25600000,'','BIS','2017-10-25 16:00:00','172.16.152.43',0),(21,'522191','DKK','2017','Belanja Jasa Lainnya',0,'',0,0,19506900000,'','BIS','2017-10-25 16:00:00','172.16.152.43',0),(21,'052','DKP','2017','Penyusunan Data dan Informasi Konservasi Energi',0,'',0,0,3083546000,'','BIS','2017-10-25 16:00:00','172.16.152.43',0),(21,'52','DKP','2017','Penyusunan Data dan Informasi Konservasi Energi',0,'',0,0,3083546000,'-','admin','2017-12-22 04:44:04','::1',1),(21,'524111','DKT','2017','Belanja Perjalanan Biasa',0,'',0,0,50833000,'','BIS','2017-10-25 16:00:00','172.16.152.43',0),(22,'522191','DKA','2017','Belanja Jasa Lainnya',0,'',0,0,38699000,'','BIS','2017-10-25 16:00:00','172.16.152.43',0),(22,'','DKE','2017','Konsumsi Rapat',0,'',0,0,0,'','BIS','2017-10-25 16:00:00','172.16.152.43',0),(22,'524111','DKK','2017','Belanja Perjalanan Biasa',0,'',0,0,280000000,'','BIS','2017-10-25 16:00:00','172.16.152.43',0),(22,'521211','DKP','2017','Belanja Bahan',0,'',0,0,263240000,'','BIS','2017-10-25 16:00:00','172.16.152.43',0),(22,'521211','DKP','2017','Belanja Bahan',0,'',0,0,263240000,'-','admin','2017-12-22 04:44:04','::1',1),(22,'524113','DKT','2017','Belanja Perjalanan Dinas Dalam Kota',0,'',0,0,3750000,'','BIS','2017-10-25 16:00:00','172.16.152.43',0),(23,'524111','DKA','2017','Belanja Perjalanan Biasa',0,'',0,0,195452000,'','BIS','2017-10-25 16:00:00','172.16.152.43',0),(23,'521213','DKE','2017','Honor Output Kegiatan',0,'',0,0,152500000,'','BIS','2017-10-25 16:00:00','172.16.152.43',0),(23,'524113','DKK','2017','Belanja Perjalanan Dinas dalam Kota',0,'',0,0,9000000,'','BIS','2017-10-25 16:00:00','172.16.152.43',0),(23,'','DKP','2017','- Penggandaan dan Penjilidan dokumen  rapat, dan Laporan dan pencetakan buku',0,'',0,0,251000000,'','BIS','2017-10-25 16:00:00','172.16.152.43',0),(23,'','DKP','2017','- Penggandaan dan Penjilidan dokumen  rapat, dan Laporan dan pencetakan buku',0,'',0,0,251000000,'-','admin','2017-12-22 04:44:04','::1',1),(23,'524114','DKT','2017','Belanja Perjalanan Dinas Paket Meeting Dalam Kota',0,'',0,0,22200000,'','BIS','2017-10-25 16:00:00','172.16.152.43',0),(24,'524114','DKA','2017','Belanja Perjalanan Dinas Paket Meeting Dalam Kota',0,'',0,0,28000000,'','BIS','2017-10-25 16:00:00','172.16.152.43',0),(24,'521811 ','DKE','2017','Belanja Barang Untuk Persediaan Barang konsumsi',0,'',0,0,8489000,'','BIS','2017-10-25 16:00:00','172.16.152.43',0),(24,'054','DKK','2017','Penyelenggaraan Lomba Hemat Energi di Sekolah Untuk SMP dan SMA',0,'',0,0,4110000000,'','BIS','2017-10-25 16:00:00','172.16.152.43',0),(24,'','DKP','2017','- Konsumsi Rapat',0,'',0,0,12240000,'','BIS','2017-10-25 16:00:00','172.16.152.43',0),(24,'','DKP','2017','-',0,'',0,0,12240000,'-','admin','2017-12-22 04:44:05','::1',1),(24,'524119','DKT','2017','Belanja Perjalanan Dinas Paket Meeting Luar Kota',0,'',0,0,65291000,'','BIS','2017-10-25 16:00:00','172.16.152.43',0),(25,'524119','DKA','2017','Belanja Perjalanan Dinas Paket Meeting Luar Kota',0,'',0,0,188307000,'','BIS','2017-10-25 16:00:00','172.16.152.43',0),(25,'522151','DKE','2017','Belanja Jasa Profesi',0,'',0,0,52500000,'','BIS','2017-10-25 16:00:00','172.16.152.43',0),(25,'522191','DKK','2017','Belanja Jasa Lainnya',0,'',0,0,0,'','BIS','2017-10-25 16:00:00','172.16.152.43',0),(25,'521213','DKP','2017','Honor Output Kegiatan',0,'',0,0,152500000,'','BIS','2017-10-25 16:00:00','172.16.152.43',0),(25,'521213','DKP','2017','Honor Output Kegiatan',0,'',0,0,152500000,'-','admin','2017-12-22 04:44:05','::1',1),(25,'054','DKT','2017','Penyusunan Draft Perpres Penerapan Building Energy Management System Secara Wajib di Bangunan Gedung Pemerintah',0,'',0,0,377902000,'','BIS','2017-10-25 16:00:00','172.16.152.43',0),(26,'060','DKA','2017','Pelaksanaan Audit Energi di Bangunan Gedung Pemerintah',0,'',0,0,0,'','BIS','2017-10-25 16:00:00','172.16.152.43',0),(26,'522191','DKE','2017','Belanja Jasa Lainnya',0,'',0,0,10000000,'','BIS','2017-10-25 16:00:00','172.16.152.43',0),(26,'','DKK','2017','Lomba Hemat Energi di Rumah dan Sekolah untuk SMP dan SMA',0,'',0,0,4110000000,'','BIS','2017-10-25 16:00:00','172.16.152.43',0),(26,'521811 ','DKP','2017','Belanja Barang Untuk Persediaan Barang konsumsi',0,'',0,0,8075000,'','BIS','2017-10-25 16:00:00','172.16.152.43',0),(26,'521811','DKP','2017','Belanja Barang Untuk Persediaan Barang konsumsi',0,'',0,0,8075000,'-','admin','2017-12-22 04:44:05','::1',1),(26,'521211','DKT','2017','Belanja Bahan',0,'',0,0,25160000,'','BIS','2017-10-25 16:00:00','172.16.152.43',0),(27,'522131','DKA','2017','Belanja Jasa Konsultan',0,'',0,0,940555000,'','BIS','2017-10-25 16:00:00','172.16.152.43',0),(27,'524111','DKE','2017','Belanja Perjalanan Biasa',0,'',0,0,25813000,'','BIS','2017-10-25 16:00:00','172.16.152.43',0),(27,'055','DKK','2017','Pelaksanaan Kerjasama Bidang Konservasi Energi',0,'',0,0,3334916000,'','BIS','2017-10-25 16:00:00','172.16.152.43',0),(27,'522131','DKP','2017','Belanja Jasa Konsultan (Penyusunan Data dan Informasi Konservasi Energi di Sektor Bangunan Gedung Komersial)',0,'',0,0,2500000000,'','BIS','2017-10-25 16:00:00','172.16.152.43',0),(27,'522131','DKP','2017','Belanja Jasa Konsultan (Penyusunan Data dan Informasi Konservasi Energi di Sektor Bangunan Gedung Komersial)',0,'',0,0,2500000000,'-','admin','2017-12-22 04:44:05','::1',1),(27,'','DKT','2017','- Fotokopi, bahan rapat, pencetakan, penjilidan',0,'',0,0,2120000,'','BIS','2017-10-25 16:00:00','172.16.152.43',0),(28,'','DKA','2017','Audit Energi di Bangunan Gedung Pemerintah',0,'',0,0,0,'','BIS','2017-10-25 16:00:00','172.16.152.43',0),(28,'524113','DKE','2017','Belanja Perjalanan Dinas dalam Kota',0,'',0,0,2800000,'','BIS','2017-10-25 16:00:00','172.16.152.43',0),(28,'521211','DKK','2017','Belanja Bahan',0,'',0,0,141600000,'','BIS','2017-10-25 16:00:00','172.16.152.43',0),(28,'524111','DKP','2017','Belanja Perjalanan Biasa',0,'',0,0,70986000,'','BIS','2017-10-25 16:00:00','172.16.152.43',0),(28,'524111','DKP','2017','Belanja Perjalanan Biasa',0,'',0,0,70986000,'-','admin','2017-12-22 04:44:05','::1',1),(28,'','DKT','2017','- Konsumsi Rapat',0,'',0,0,23040000,'','BIS','2017-10-25 16:00:00','172.16.152.43',0),(29,'061','DKA','2017','Pembinaan dan Pengawasan Manajemen Energi di Industri dan Bangunan Gedung',0,'',0,0,2093521000,'','BIS','2017-10-25 16:00:00','172.16.152.43',0),(29,'524114','DKE','2017','Belanja Perjalanan Dinas Paket Meeting Dalam Kota',0,'',0,0,32000000,'','BIS','2017-10-25 16:00:00','172.16.152.43',0),(29,'','DKK','2017','- Konsumsi Rapat',0,'',0,0,15600000,'','BIS','2017-10-25 16:00:00','172.16.152.43',0),(29,'524119','DKP','2017','Belanja Perjalanan Dinas Paket Meeting Luar Kota',0,'',0,0,88745000,'','BIS','2017-10-25 16:00:00','172.16.152.43',0),(29,'524119','DKP','2017','Belanja Perjalanan Dinas Paket Meeting Luar Kota',0,'',0,0,88745000,'-','admin','2017-12-22 04:44:05','::1',1),(29,'521213','DKT','2017','Honor Output Kegiatan',0,'',0,0,142500000,'','BIS','2017-10-25 16:00:00','172.16.152.43',0),(30,'521211','DKA','2017','Belanja Bahan',0,'',0,0,72275000,'','BIS','2017-10-25 16:00:00','172.16.152.43',0),(30,'524119','DKE','2017','Belanja Perjalanan Dinas Paket Meeting Luar Kota',0,'',0,0,111478000,'','BIS','2017-10-25 16:00:00','172.16.152.43',0),(30,'','DKK','2017','- Penggandaan Materi Workshop dan Penjilidan Laporan',0,'',0,0,126000000,'','BIS','2017-10-25 16:00:00','172.16.152.43',0),(30,'053','DKP','2017','Pelaksanaan Market Survay Peralatan Hemat Energi di Sektor Rumah Tangga',0,'',0,0,1321385000,'','BIS','2017-10-25 16:00:00','172.16.152.43',0),(30,'53','DKP','2017','Pelaksanaan Market Survay Peralatan Hemat Energi di Sektor Rumah Tangga',0,'',0,0,1321385000,'-','admin','2017-12-22 04:44:05','::1',1),(30,'521811 ','DKT','2017','Belanja Barang Untuk Persediaan Barang konsumsi',0,'',0,0,9281000,'','BIS','2017-10-25 16:00:00','172.16.152.43',0),(31,'','DKA','2017','- Konsumsi Rapat',0,'',0,0,20400000,'','BIS','2017-10-25 16:00:00','172.16.152.43',0),(31,'058','DKE','2017','Pelaksanaan Investment Grade Energi Audit',0,'',0,0,0,'','BIS','2017-10-25 16:00:00','172.16.152.43',0),(31,'521213','DKK','2017','Honor Output Kegiatan',0,'',0,0,157000000,'','BIS','2017-10-25 16:00:00','172.16.152.43',0),(31,'521211','DKP','2017','Belanja Bahan',0,'',0,0,10660000,'','BIS','2017-10-25 16:00:00','172.16.152.43',0),(31,'521211','DKP','2017','Belanja Bahan',0,'',0,0,10660000,'-','admin','2017-12-22 04:44:05','::1',1),(31,'522151','DKT','2017','Belanja Jasa Profesi',0,'',0,0,43200000,'','BIS','2017-10-25 16:00:00','172.16.152.43',0),(32,'','DKA','2017','- Penggandaan Materi dan Pembuatan Laporan , Foto Copy, Penjilidan',0,'',0,0,51875000,'','BIS','2017-10-25 16:00:00','172.16.152.43',0),(32,'522131','DKE','2017','Belanja Jasa Konsultan',0,'',0,0,2400091000,'','BIS','2017-10-25 16:00:00','172.16.152.43',0),(32,'521811 ','DKK','2017','Belanja Barang Untuk Persediaan Barang konsumsi',0,'',0,0,9000000,'','BIS','2017-10-25 16:00:00','172.16.152.43',0),(32,'','DKP','2017','- Penggandaan dan Penjilidan dokumen  rapat, dan Laporan dan pencetakan buku',0,'',0,0,2500000,'','BIS','2017-10-25 16:00:00','172.16.152.43',0),(32,'','DKP','2017','- Penggandaan dan Penjilidan dokumen  rapat, dan Laporan dan pencetakan buku',0,'',0,0,2500000,'-','admin','2017-12-22 04:44:05','::1',1),(32,'524111','DKT','2017','Belanja Perjalanan Biasa',0,'',0,0,74532000,'','BIS','2017-10-25 16:00:00','172.16.152.43',0),(33,'521213','DKA','2017','Honor Output Kegiatan',0,'',0,0,152500000,'','BIS','2017-10-25 16:00:00','172.16.152.43',0),(33,'','DKE','2017','- Belanja Konsultan IGA Sektor Industri',0,'',0,0,1200091000,'','BIS','2017-10-25 16:00:00','172.16.152.43',0),(33,'522151','DKK','2017','Belanja Jasa Profesi',0,'',0,0,254000000,'','BIS','2017-10-25 16:00:00','172.16.152.43',0),(33,'','DKP','2017','- Konsumsi Rapat',0,'',0,0,8160000,'','BIS','2017-10-25 16:00:00','172.16.152.43',0),(33,'','DKP','2017','-',0,'',0,0,8160000,'-','admin','2017-12-22 04:44:05','::1',1),(33,'524113','DKT','2017','Belanja Perjalanan Dinas Dalam Kota',0,'',0,0,6150000,'','BIS','2017-10-25 16:00:00','172.16.152.43',0),(34,'521811 ','DKA','2017','Belanja Barang Untuk Persediaan Barang konsumsi',0,'',0,0,7933000,'','BIS','2017-10-25 16:00:00','172.16.152.43',0),(34,'','DKE','2017','- Belanja Konsultan IGA Sektor Bangunan Gedung',0,'',0,0,1200000000,'','BIS','2017-10-25 16:00:00','172.16.152.43',0),(34,'522191','DKK','2017','Belanja Jasa Lainnya',0,'',0,0,305116000,'','BIS','2017-10-25 16:00:00','172.16.152.43',0),(34,'521213','DKP','2017','Honor Output Kegiatan',0,'',0,0,152500000,'','BIS','2017-10-25 16:00:00','172.16.152.43',0),(34,'521213','DKP','2017','Honor Output Kegiatan',0,'',0,0,152500000,'-','admin','2017-12-22 04:44:05','::1',1),(34,'524114','DKT','2017','Belanja Perjalanan Dinas Paket Meeting Dalam Kota',0,'',0,0,14800000,'','BIS','2017-10-25 16:00:00','172.16.152.43',0),(35,'522141','DKA','2017','Belanja Sewa ',0,'',0,0,15682000,'','BIS','2017-10-25 16:00:00','172.16.152.43',0),(35,'063','DKE','2017','Capacity Building Efficeincy Energy Untuk Lembaga Keuangan',0,'',0,0,285927000,'','BIS','2017-10-25 16:00:00','172.16.152.43',0),(35,'524111','DKK','2017','Belanja Perjalanan Biasa',0,'',0,0,200000000,'','BIS','2017-10-25 16:00:00','172.16.152.43',0),(35,'521811 ','DKP','2017','Belanja Barang Untuk Persediaan Barang konsumsi',0,'',0,0,8334000,'','BIS','2017-10-25 16:00:00','172.16.152.43',0),(35,'521811','DKP','2017','Belanja Barang Untuk Persediaan Barang konsumsi',0,'',0,0,8334000,'-','admin','2017-12-22 04:44:05','::1',1),(35,'524119','DKT','2017','Belanja Perjalanan Dinas Paket Meeting Luar Kota',0,'',0,0,62279000,'','BIS','2017-10-25 16:00:00','172.16.152.43',0),(36,'522151','DKA','2017','Belanja Jasa Profesi',0,'',0,0,434300000,'','BIS','2017-10-25 16:00:00','172.16.152.43',0),(36,'521211','DKE','2017','Belanja Bahan',0,'',0,0,21120000,'','BIS','2017-10-25 16:00:00','172.16.152.43',0),(36,'524113','DKK','2017','Belanja Perjalanan Dinas dalam Kota',0,'',0,0,30000000,'','BIS','2017-10-25 16:00:00','172.16.152.43',0),(36,'522131','DKP','2017','Belanja Jasa Konsultan (Penyusunan Data dan Informasi Konservasi Energi di Sektor Bangunan Gedung Komersial)',0,'',0,0,970000000,'','BIS','2017-10-25 16:00:00','172.16.152.43',0),(36,'522131','DKP','2017','Belanja Jasa Konsultan (Penyusunan Data dan Informasi Konservasi Energi di Sektor Bangunan Gedung Komersial)',0,'',0,0,970000000,'-','admin','2017-12-22 04:44:05','::1',1),(36,'055','DKT','2017','Penyusunan Draft SNI Konservasi Energi pada Bangunan Gedung',0,'',0,0,360349000,'','BIS','2017-10-25 16:00:00','172.16.152.43',0),(37,'522191','DKA','2017','Belanja Jasa Lainnya',0,'',0,0,141840000,'','BIS','2017-10-25 16:00:00','172.16.152.43',0),(37,'','DKE','2017','- Konsumsi Rapat',0,'',0,0,0,'','BIS','2017-10-25 16:00:00','172.16.152.43',0),(37,'524114','DKK','2017','Belanja Perjalanan Dinas Paket Meeting Dalam Kota',0,'',0,0,199200000,'','BIS','2017-10-25 16:00:00','172.16.152.43',0),(37,'522151','DKP','2017','Belanja Jasa Profesi',0,'',0,0,50000000,'','BIS','2017-10-25 16:00:00','172.16.152.43',0),(37,'522151','DKP','2017','Belanja Jasa Profesi',0,'',0,0,50000000,'-','admin','2017-12-22 04:44:05','::1',1),(37,'521211','DKT','2017','Belanja Bahan',0,'',0,0,25160000,'','BIS','2017-10-25 16:00:00','172.16.152.43',0),(38,'524111','DKA','2017','Belanja Perjalanan Biasa',0,'',0,0,169249000,'','BIS','2017-10-25 16:00:00','172.16.152.43',0),(38,'521811 ','DKE','2017','Belanja Barang Untuk Persediaan Barang konsumsi',0,'',0,0,6874000,'','BIS','2017-10-25 16:00:00','172.16.152.43',0),(38,'524119','DKK','2017','Belanja Perjalanan Dinas Paket Meeting Luar Kota',0,'',0,0,389000000,'','BIS','2017-10-25 16:00:00','172.16.152.43',0),(38,'524111','DKP','2017','Belanja Perjalanan Biasa',0,'',0,0,70042000,'','BIS','2017-10-25 16:00:00','172.16.152.43',0),(38,'524111','DKP','2017','Belanja Perjalanan Biasa',0,'',0,0,70042000,'-','admin','2017-12-22 04:44:05','::1',1),(38,'','DKT','2017','- Fotokopi, bahan rapat, pencetakan, penjilidan',0,'',0,0,2120000,'','BIS','2017-10-25 16:00:00','172.16.152.43',0),(39,'524114','DKA','2017','Belanja Perjalanan Dinas Paket Meeting Dalam Kota',0,'',0,0,105000000,'','BIS','2017-10-25 16:00:00','172.16.152.43',0),(39,'522151','DKE','2017','Belanja Jasa Profesi',0,'',0,0,46200000,'','BIS','2017-10-25 16:00:00','172.16.152.43',0),(39,'524211','DKK','2017','Belanja Perjalanan Biasa-Luar Negeri',0,'',0,0,1650000000,'','BIS','2017-10-25 16:00:00','172.16.152.43',0),(39,'524119','DKP','2017','Belanja Perjalanan Dinas Paket Meeting Luar Kota',0,'',0,0,59849000,'','BIS','2017-10-25 16:00:00','172.16.152.43',0),(39,'524119','DKP','2017','Belanja Perjalanan Dinas Paket Meeting Luar Kota',0,'',0,0,59849000,'-','admin','2017-12-22 04:44:05','::1',1),(39,'','DKT','2017','- Konsumsi Rapat',0,'',0,0,23040000,'','BIS','2017-10-25 16:00:00','172.16.152.43',0),(40,'524119','DKA','2017','Belanja Perjalanan Dinas Paket Meeting Luar Kota',0,'',0,0,994742000,'','BIS','2017-10-25 16:00:00','172.16.152.43',0),(40,'522191','DKE','2017','Belanja Jasa Lainnya',0,'',0,0,27400000,'','BIS','2017-10-25 16:00:00','172.16.152.43',0),(40,'056','DKK','2017','Penyelenggaraan Kegiatan Penghargaan Efisiensi Nasional',0,'',0,0,3327350000,'','BIS','2017-10-25 16:00:00','172.16.152.43',0),(40,'521213','DKT','2017','Honor Output Kegiatan',0,'',0,0,142500000,'','BIS','2017-10-25 16:00:00','172.16.152.43',0),(41,'524111','DKE','2017','Belanja Perjalanan Biasa',0,'',0,0,103933000,'','BIS','2017-10-25 16:00:00','172.16.152.43',0),(41,'521211','DKK','2017','Belanja Bahan',0,'',0,0,59350000,'','BIS','2017-10-25 16:00:00','172.16.152.43',0),(41,'521811 ','DKT','2017','Belanja Barang Untuk Persediaan Barang konsumsi',0,'',0,0,9232000,'','BIS','2017-10-25 16:00:00','172.16.152.43',0),(42,'524114','DKE','2017','Belanja Perjalanan Dinas Paket Meeting Dalam Kota',0,'',0,0,30680000,'','BIS','2017-10-25 16:00:00','172.16.152.43',0),(42,'','DKK','2017','- Konsumsi Rapat',0,'',0,0,5850000,'','BIS','2017-10-25 16:00:00','172.16.152.43',0),(42,'522151','DKT','2017','Belanja Jasa Profesi',0,'',0,0,63000000,'','BIS','2017-10-25 16:00:00','172.16.152.43',0),(43,'524119','DKE','2017','Belanja Perjalanan Dinas Paket Meeting Luar Kota',0,'',0,0,49720000,'','BIS','2017-10-25 16:00:00','172.16.152.43',0),(43,'','DKK','2017','- Penggandaan Materi Workshop,  dan Penjilidan Laporan dll.',0,'',0,0,53500000,'','BIS','2017-10-25 16:00:00','172.16.152.43',0),(43,'524111','DKT','2017','Belanja Perjalanan Biasa',0,'',0,0,34066000,'','BIS','2017-10-25 16:00:00','172.16.152.43',0),(44,'064','DKE','2017','Penyusunan SKEMA Insentif Produsen Peralatan Hemat Energi',0,'',0,0,598753000,'','BIS','2017-10-25 16:00:00','172.16.152.43',0),(44,'521213','DKK','2017','Honor Output Kegiatan',0,'',0,0,359750000,'','BIS','2017-10-25 16:00:00','172.16.152.43',0),(44,'524113','DKT','2017','Belanja Perjalanan Dinas Dalam Kota',0,'',0,0,9150000,'','BIS','2017-10-25 16:00:00','172.16.152.43',0),(45,'521211','DKE','2017','Belanja Bahan',0,'',0,0,11520000,'','BIS','2017-10-25 16:00:00','172.16.152.43',0),(45,'521811 ','DKK','2017','Belanja Barang Untuk Persediaan Barang konsumsi',0,'',0,0,9000000,'','BIS','2017-10-25 16:00:00','172.16.152.43',0),(45,'524114','DKT','2017','Belanja Perjalanan Dinas Paket Meeting Dalam Kota',0,'',0,0,14800000,'','BIS','2017-10-25 16:00:00','172.16.152.43',0),(46,'','DKE','2017','- Konsumsi Rapat',0,'',0,0,0,'','BIS','2017-10-25 16:00:00','172.16.152.43',0),(46,'522131','DKK','2017','Belanja Jasa Konsultan (Penyuntingan Makalah Energy Award2017)',0,'',0,0,47350000,'','BIS','2017-10-25 16:00:00','172.16.152.43',0),(46,'524119','DKT','2017','Belanja Perjalanan Dinas Paket Meeting Luar Kota',0,'',0,0,62441000,'','BIS','2017-10-25 16:00:00','172.16.152.43',0),(47,'521213','DKE','2017','Honor Output Kegiatan',0,'',0,0,353500000,'','BIS','2017-10-25 16:00:00','172.16.152.43',0),(47,'522151','DKK','2017','Belanja Jasa Profesi',0,'',0,0,169900000,'','BIS','2017-10-25 16:00:00','172.16.152.43',0),(47,'011.051','DKT','2017','Penerapan Efisinei Energi',0,'',0,0,636868000,'','BIS','2017-10-25 16:00:00','172.16.152.43',0),(48,'521811 ','DKE','2017','Belanja Barang Untuk Persediaan Barang konsumsi',0,'',0,0,9000000,'','BIS','2017-10-25 16:00:00','172.16.152.43',0),(48,'522191','DKK','2017','Belanja Jasa Lainnya',0,'',0,0,2125560000,'','BIS','2017-10-25 16:00:00','172.16.152.43',0),(48,'521211','DKT','2017','Belanja Bahan',0,'',0,0,25209000,'','BIS','2017-10-25 16:00:00','172.16.152.43',0),(49,'522131','DKE','2017','Belanja Jasa Konsultan',0,'',0,0,60000000,'','BIS','2017-10-25 16:00:00','172.16.152.43',0),(49,'524111','DKK','2017','Belanja Perjalanan Biasa',0,'',0,0,190000000,'','BIS','2017-10-25 16:00:00','172.16.152.43',0),(49,'','DKT','2017','- Fotokopi Bahan Rapat, Pencetakan, Penjilidan',0,'',0,0,2169000,'','BIS','2017-10-25 16:00:00','172.16.152.43',0),(50,'522151','DKE','2017','Belanja Jasa Profesi',0,'',0,0,39200000,'','BIS','2017-10-25 16:00:00','172.16.152.43',0),(50,'524113','DKK','2017','Belanja Perjalanan Dinas dalam Kota',0,'',0,0,9000000,'','BIS','2017-10-25 16:00:00','172.16.152.43',0),(50,'','DKT','2017','- Konsumsi Rapat',0,'',0,0,23040000,'','BIS','2017-10-25 16:00:00','172.16.152.43',0),(51,'524111','DKE','2017','Belanja Perjalanan Biasa',0,'',0,0,103933000,'','BIS','2017-10-25 16:00:00','172.16.152.43',0),(51,'524119','DKK','2017','Belanja Perjalanan Dinas Paket Meeting Luar Kota',0,'',0,0,357440000,'','BIS','2017-10-25 16:00:00','172.16.152.43',0),(51,'521213','DKT','2017','Honor Output Kegiatan',0,'',0,0,142500000,'','BIS','2017-10-25 16:00:00','172.16.152.43',0),(52,'524114','DKE','2017','Belanja Perjalanan Dinas Paket Meeting Dalam Kota',0,'',0,0,21600000,'','BIS','2017-10-25 16:00:00','172.16.152.43',0),(52,'012.057','DKK','2017','Pelaksanaan Kegiatan Penggerak Energi Tanah Airt ESDM 2017',0,'',0,0,1235697000,'','BIS','2017-10-25 16:00:00','172.16.152.43',0),(52,'521811 ','DKT','2017','Belanja Barang Untuk Persediaan Barang konsumsi',0,'',0,0,9921000,'','BIS','2017-10-25 16:00:00','172.16.152.43',0),(53,'521211','DKK','2017','Belanja Bahan',0,'',0,0,181850000,'','BIS','2017-10-25 16:00:00','172.16.152.43',0),(53,'522141','DKT','2017','Belanja Sewa',0,'',0,0,22100000,'','BIS','2017-10-25 16:00:00','172.16.152.43',0),(54,'','DKK','2017','- Konsumsi Rapat',0,'',0,0,5850000,'','BIS','2017-10-25 16:00:00','172.16.152.43',0),(54,'522151','DKT','2017','Belanja Jasa Profesi',0,'',0,0,70200000,'','BIS','2017-10-25 16:00:00','172.16.152.43',0),(55,'','DKK','2017','- Penggandaan Merchandise untuk pameran,  dan Penjilidan Laporan dll.',0,'',0,0,176000000,'','BIS','2017-10-25 16:00:00','172.16.152.43',0),(55,'524111','DKT','2017','Belanja Perjalanan Biasa',0,'',0,0,300028000,'','BIS','2017-10-25 16:00:00','172.16.152.43',0),(56,'521213','DKK','2017','Honor Output Kegiatan',0,'',0,0,353500000,'','BIS','2017-10-25 16:00:00','172.16.152.43',0),(56,'524113','DKT','2017','Belanja Perjalanan Dinas dalam Kota',0,'',0,0,3000000,'','BIS','2017-10-25 16:00:00','172.16.152.43',0),(57,'521811 ','DKK','2017','Belanja Barang Untuk Persediaan Barang konsumsi',0,'',0,0,9000000,'','BIS','2017-10-25 16:00:00','172.16.152.43',0),(57,'524114','DKT','2017','Belanja Perjalanan Dinas Paket Meeting Dalam Kota',0,'',0,0,14800000,'','BIS','2017-10-25 16:00:00','172.16.152.43',0),(58,'522151','DKK','2017','Belanja Jasa Profesi',0,'',0,0,52800000,'','BIS','2017-10-25 16:00:00','172.16.152.43',0),(58,'524119','DKT','2017','Belanja Perjalanan Dinas Paket Meeting Luar Kota',0,'',0,0,49110000,'','BIS','2017-10-25 16:00:00','172.16.152.43',0),(59,'522191','DKK','2017','Belanja Jasa Lainnya',0,'',0,0,295870000,'','BIS','2017-10-25 16:00:00','172.16.152.43',0),(59,'052','DKT','2017','Pemasangan Sistem Monitoring Konsumsi Energi dan Penggantian LampuLED di Lingkungan Kementerian ESDM ',0,'',0,0,5199080000,'','BIS','2017-10-25 16:00:00','172.16.152.43',0),(60,'524111','DKK','2017','Belanja Perjalanan Biasa',0,'',0,0,150000000,'','BIS','2017-10-25 16:00:00','172.16.152.43',0),(60,'532111','DKT','2017','Belanja Modal Peralatan dan Mesin',0,'',0,0,5199080000,'','BIS','2017-10-25 16:00:00','172.16.152.43',0),(61,'524113','DKK','2017','Belanja Perjalanan Dinas dalam Kota',0,'',0,0,75000000,'','BIS','2017-10-25 16:00:00','172.16.152.43',0),(61,'053','DKT','2017','Monitoring Terhadap Pencapaian Emisi Gas Rumah Kaca (GRK) RAN-RAD',0,'',0,0,474755000,'','BIS','2017-10-25 16:00:00','172.16.152.43',0),(62,'524119','DKK','2017','Belanja Perjalanan Dinas Paket Meeting Luar Kota',0,'',0,0,117677000,'','BIS','2017-10-25 16:00:00','172.16.152.43',0),(62,'521211','DKT','2017','Belanja Bahan',0,'',0,0,25228000,'','BIS','2017-10-25 16:00:00','172.16.152.43',0),(63,'','DKT','2017','- Fotokopi Bahan Rapat, Pencetakan, Penjilidan',0,'',0,0,2188000,'','BIS','2017-10-25 16:00:00','172.16.152.43',0),(64,'','DKT','2017','- Konsumsi Rapat',0,'',0,0,23040000,'','BIS','2017-10-25 16:00:00','172.16.152.43',0),(65,'521213','DKT','2017','Honor Output Kegiatan',0,'',0,0,142500000,'','BIS','2017-10-25 16:00:00','172.16.152.43',0),(66,'521811 ','DKT','2017','Belanja Barang Untuk Persediaan Barang konsumsi',0,'',0,0,8433000,'','BIS','2017-10-25 16:00:00','172.16.152.43',0),(67,'522151','DKT','2017','Belanja Jasa Profesi',0,'',0,0,70200000,'','BIS','2017-10-25 16:00:00','172.16.152.43',0),(68,'524111','DKT','2017','Belanja Perjalanan Biasa',0,'',0,0,147124000,'','BIS','2017-10-25 16:00:00','172.16.152.43',0),(69,'524113','DKT','2017','Belanja Perjalanan Dinas dalam Kota',0,'',0,0,4500000,'','BIS','2017-10-25 16:00:00','172.16.152.43',0),(70,'524114','DKT','2017','Belanja Perjalanan Dinas Paket Meeting Dalam Kota',0,'',0,0,22200000,'','BIS','2017-10-25 16:00:00','172.16.152.43',0),(71,'524119','DKT','2017','Belanja Perjalanan Dinas Paket Meeting Luar Kota',0,'',0,0,54570000,'','BIS','2017-10-25 16:00:00','172.16.152.43',0);

/*Table structure for table `rkk4l_d1p4_h1st0ry_copy` */

DROP TABLE IF EXISTS `rkk4l_d1p4_h1st0ry_copy`;

CREATE TABLE `rkk4l_d1p4_h1st0ry_copy` (
  `id_rkkal` int(11) NOT NULL,
  `kd_apbn` varchar(20) NOT NULL DEFAULT '',
  `kd_subdir` char(3) NOT NULL DEFAULT '',
  `thn_anggaran` varchar(15) NOT NULL DEFAULT '',
  `uraian_kegiatan` text NOT NULL,
  `volume` int(10) DEFAULT NULL,
  `satuan` varchar(25) NOT NULL DEFAULT '',
  `harga_satuan` bigint(20) DEFAULT NULL,
  `jumlah` bigint(20) DEFAULT NULL,
  `anggaran` bigint(20) DEFAULT NULL,
  `file_rkkal` varchar(20) NOT NULL DEFAULT '',
  `id_user` char(11) NOT NULL DEFAULT '',
  `wkt_input` datetime DEFAULT NULL,
  `ip_input` varchar(20) NOT NULL DEFAULT '',
  `revisi` int(3) NOT NULL,
  PRIMARY KEY (`id_rkkal`,`kd_subdir`,`thn_anggaran`,`revisi`)
) ENGINE=InnoDB DEFAULT CHARSET=utf8;

/*Data for the table `rkk4l_d1p4_h1st0ry_copy` */

insert  into `rkk4l_d1p4_h1st0ry_copy`(`id_rkkal`,`kd_apbn`,`kd_subdir`,`thn_anggaran`,`uraian_kegiatan`,`volume`,`satuan`,`harga_satuan`,`jumlah`,`anggaran`,`file_rkkal`,`id_user`,`wkt_input`,`ip_input`,`revisi`) values (1,'057','DKA','2017','Pembinaan dan Pengawasan Pealaksanaan Labelisasi Taanda Hemat Energi pada Rumah Tangga',NULL,'',NULL,NULL,1068516000,'','BIS','2017-10-25 16:00:00','172.16.152.43',0),(1,'010.054','DKE','2017','Penyiaapan Insentif Efisiensi Energi',NULL,'',NULL,NULL,337925000,'','BIS','2017-10-25 16:00:00','172.16.152.43',0),(1,'012.051','DKK','2017','Sosialisasi Program Konservasi Energi di Sekolah Dasar',NULL,'',NULL,NULL,2100000000,'','BIS','2017-10-25 16:00:00','172.16.152.43',0),(1,'009.051','DKP','2017','Penyusunan Draft Regulasi Konservasi Energi (Draft Revisi PP 70/2009)',NULL,'',NULL,NULL,731006000,'','BIS','2017-10-25 16:00:00','172.16.152.43',0),(1,'009.052','DKT','2017','Penyusunan Draft SKEM dan Pembubuhan Label Tanda Hemat Energi',NULL,'',NULL,NULL,710906000,'','BIS','2017-10-25 16:00:00','172.16.152.43',0),(2,'521211','DKA','2017','Belanja Bahan',NULL,'',NULL,NULL,35650000,'','BIS','2017-10-25 16:00:00','172.16.152.43',0),(2,'521211','DKE','2017','Belanja Bahan',NULL,'',NULL,NULL,14031000,'','BIS','2017-10-25 16:00:00','172.16.152.43',0),(2,'522191','DKK','2017','Belanja Jasa Lainnya',NULL,'',NULL,NULL,2100000000,'','BIS','2017-10-25 16:00:00','172.16.152.43',0),(2,'521211','DKP','2017','Belanja Bahan',NULL,'',NULL,NULL,23650000,'','BIS','2017-10-25 16:00:00','172.16.152.43',0),(2,'521211','DKT','2017','Belanja Bahan',NULL,'',NULL,NULL,19028000,'','BIS','2017-10-25 16:00:00','172.16.152.43',0),(3,'','DKA','2017','- Konsumsi Rapat',NULL,'',NULL,NULL,20400000,'','BIS','2017-10-25 16:00:00','172.16.152.43',0),(3,'','DKE','2017','- Konsumsi Rapat',NULL,'',NULL,NULL,11520000,'','BIS','2017-10-25 16:00:00','172.16.152.43',0),(3,'052','DKK','2017','Pelaksanaan Bimbingan Teknis dan Penyuluhan Konservasi Energi',NULL,'',NULL,NULL,2609756000,'','BIS','2017-10-25 16:00:00','172.16.152.43',0),(3,'','DKP','2017','Konsumsi Rapat',NULL,'',NULL,NULL,NULL,'','BIS','2017-10-25 16:00:00','172.16.152.43',0),(3,'','DKT','2017','- Fotokopi, bahan rapat, pencetakan, penjilidan',NULL,'',NULL,NULL,1748000,'','BIS','2017-10-25 16:00:00','172.16.152.43',0),(4,'','DKA','2017','- Penggandaan Materi dan Pembuatan Laporan , Foto Copy, Penjilidan',NULL,'',NULL,NULL,15250000,'','BIS','2017-10-25 16:00:00','172.16.152.43',0),(4,'','DKE','2017','- Biaya Pencetakan Laporan Akhir',NULL,'',NULL,NULL,2511000,'','BIS','2017-10-25 16:00:00','172.16.152.43',0),(4,'521211','DKK','2017','Belanja Bahan',NULL,'',NULL,NULL,306380000,'','BIS','2017-10-25 16:00:00','172.16.152.43',0),(4,'521213','DKP','2017','Honor Output Kegiatan',NULL,'',NULL,NULL,353500000,'','BIS','2017-10-25 16:00:00','172.16.152.43',0),(4,'','DKT','2017','- Konsumsi Rapat',NULL,'',NULL,NULL,17280000,'','BIS','2017-10-25 16:00:00','172.16.152.43',0),(5,'521213','DKA','2017','Honor Output Kegiatan',NULL,'',NULL,NULL,152500000,'','BIS','2017-10-25 16:00:00','172.16.152.43',0),(5,'521213','DKE','2017','Honor Output Kegiatan',NULL,'',NULL,NULL,157000000,'','BIS','2017-10-25 16:00:00','172.16.152.43',0),(5,'','DKK','2017','- Konsumsi Rapat',NULL,'',NULL,NULL,5850000,'','BIS','2017-10-25 16:00:00','172.16.152.43',0),(5,'521811','DKP','2017','Belanja Barang Untuk Persediaan Barang konsumsi',NULL,'',NULL,NULL,9480000,'','BIS','2017-10-25 16:00:00','172.16.152.43',0),(5,'521213','DKT','2017','Honor Output Kegiatan',NULL,'',NULL,NULL,341000000,'','BIS','2017-10-25 16:00:00','172.16.152.43',0),(6,'521219','DKA','2017','Belanja Barang Non Operasional Lainnya',NULL,'',NULL,NULL,50000000,'','BIS','2017-10-25 16:00:00','172.16.152.43',0),(6,'521811 ','DKE','2017','Belanja Barang Untuk Persediaan Barang konsumsi',NULL,'',NULL,NULL,9075000,'','BIS','2017-10-25 16:00:00','172.16.152.43',0),(6,'','DKK','2017','- Penggandaan Materi , Pencetakan, dan Penjilidan Laporan',NULL,'',NULL,NULL,300530000,'','BIS','2017-10-25 16:00:00','172.16.152.43',0),(6,'522151','DKP','2017','Belanja Jasa Profesi',NULL,'',NULL,NULL,242700000,'','BIS','2017-10-25 16:00:00','172.16.152.43',0),(6,'521219','DKT','2017','Belanja Barang Non Operasional Lainnya',NULL,'',NULL,NULL,10000000,'','BIS','2017-10-25 16:00:00','172.16.152.43',0),(7,'521811 ','DKA','2017','Belanja Barang Untuk Persediaan Barang konsumsi',NULL,'',NULL,NULL,8895000,'','BIS','2017-10-25 16:00:00','172.16.152.43',0),(7,'522151','DKE','2017','Belanja Jasa Profesi',NULL,'',NULL,NULL,39600000,'','BIS','2017-10-25 16:00:00','172.16.152.43',0),(7,'521213','DKK','2017','Honor Output Kegiatan',NULL,'',NULL,NULL,186500000,'','BIS','2017-10-25 16:00:00','172.16.152.43',0),(7,'524111','DKP','2017','Belanja Perjalanan Biasa',NULL,'',NULL,NULL,41546000,'','BIS','2017-10-25 16:00:00','172.16.152.43',0),(7,'521811 ','DKT','2017','Belanja Barang Untuk Persediaan Barang konsumsi',NULL,'',NULL,NULL,9937000,'','BIS','2017-10-25 16:00:00','172.16.152.43',0),(8,'522141','DKA','2017','Belanja Sewa ',NULL,'',NULL,NULL,15682000,'','BIS','2017-10-25 16:00:00','172.16.152.43',0),(8,'524111','DKE','2017','Belanja Perjalanan Biasa',NULL,'',NULL,NULL,115219000,'','BIS','2017-10-25 16:00:00','172.16.152.43',0),(8,'521811 ','DKK','2017','Belanja Barang Untuk Persediaan Barang konsumsi',NULL,'',NULL,NULL,9000000,'','BIS','2017-10-25 16:00:00','172.16.152.43',0),(8,'524119','DKP','2017','Belanja Perjalanan Dinas Paket Meeting Luar Kota',NULL,'',NULL,NULL,60130000,'','BIS','2017-10-25 16:00:00','172.16.152.43',0),(8,'522151','DKT','2017','Belanja Jasa Profesi',NULL,'',NULL,NULL,79200000,'','BIS','2017-10-25 16:00:00','172.16.152.43',0),(9,'522151','DKA','2017','Belanja Jasa Profesi',NULL,'',NULL,NULL,98600000,'','BIS','2017-10-25 16:00:00','172.16.152.43',0),(9,'524114','DKE','2017','Belanja Perjalanan Dinas Paket Meeting Dalam Kota',NULL,'',NULL,NULL,3000000,'','BIS','2017-10-25 16:00:00','172.16.152.43',0),(9,'522151','DKK','2017','Belanja Jasa Profesi',NULL,'',NULL,NULL,367200000,'','BIS','2017-10-25 16:00:00','172.16.152.43',0),(9,'010. 051','DKP','2017','Koordinasi dan Konsultasi Dalam Rangka Percepatan Penerapan Konservasi Energi',NULL,'',NULL,NULL,1200163000,'','BIS','2017-10-25 16:00:00','172.16.152.43',0),(9,'522191','DKT','2017','Belanjan Jasa lainnya',NULL,'',NULL,NULL,30000000,'','BIS','2017-10-25 16:00:00','172.16.152.43',0),(10,'522191','DKA','2017','Belanja Jasa Lainnya',NULL,'',NULL,NULL,287831000,'','BIS','2017-10-25 16:00:00','172.16.152.43',0),(10,'055','DKE','2017','Penyiapan Investasi Efisiensi Energi Sektor Industri dan Bangunan ',NULL,'',NULL,NULL,522450000,'','BIS','2017-10-25 16:00:00','172.16.152.43',0),(10,'522191','DKK','2017','Belanja Jasa Lainnya',NULL,'',NULL,NULL,360416000,'','BIS','2017-10-25 16:00:00','172.16.152.43',0),(10,'521211','DKP','2017','Belanja Bahan',NULL,'',NULL,NULL,31320000,'','BIS','2017-10-25 16:00:00','172.16.152.43',0),(10,'524111','DKT','2017','Belanja Perjalanan Biasa',NULL,'',NULL,NULL,67936000,'','BIS','2017-10-25 16:00:00','172.16.152.43',0),(11,'524111','DKA','2017','Belanja Perjalanan Biasa',NULL,'',NULL,NULL,201438000,'','BIS','2017-10-25 16:00:00','172.16.152.43',0),(11,'521211','DKE','2017','Belanja Bahan',NULL,'',NULL,NULL,7168000,'','BIS','2017-10-25 16:00:00','172.16.152.43',0),(11,'524111','DKK','2017','Belanja Perjalanan Biasa',NULL,'',NULL,NULL,180000000,'','BIS','2017-10-25 16:00:00','172.16.152.43',0),(11,'','DKP','2017','- Penggandaan dan Penjilidan dokumen  rapat, dan Laporan',NULL,'',NULL,NULL,15000000,'','BIS','2017-10-25 16:00:00','172.16.152.43',0),(11,'524113','DKT','2017','Belanja Perjalanan Dinas Dalam Kota',NULL,'',NULL,NULL,4200000,'','BIS','2017-10-25 16:00:00','172.16.152.43',0),(12,'524114','DKA','2017','Belanja Perjalanan Dinas Paket Meeting Dalam Kota',NULL,'',NULL,NULL,26250000,'','BIS','2017-10-25 16:00:00','172.16.152.43',0),(12,'','DKE','2017','Konsumsi Rapat',NULL,'',NULL,NULL,NULL,'','BIS','2017-10-25 16:00:00','172.16.152.43',0),(12,'524113','DKK','2017','Belanja Perjalanan Dinas dalam Kota',NULL,'',NULL,NULL,9000000,'','BIS','2017-10-25 16:00:00','172.16.152.43',0),(12,'','DKP','2017','- Konsumsi Rapat',NULL,'',NULL,NULL,16320000,'','BIS','2017-10-25 16:00:00','172.16.152.43',0),(12,'524114','DKT','2017','Belanja Perjalanan Dinas Paket Meeting Dalam Kota',NULL,'',NULL,NULL,28000000,'','BIS','2017-10-25 16:00:00','172.16.152.43',0),(13,'524119','DKA','2017','Belanja Perjalanan Dinas Paket Meeting Luar Kota',NULL,'',NULL,NULL,191670000,'','BIS','2017-10-25 16:00:00','172.16.152.43',0),(13,'521213','DKE','2017','Honor Output Kegiatan',NULL,'',NULL,NULL,152500000,'','BIS','2017-10-25 16:00:00','172.16.152.43',0),(13,'524119','DKK','2017','Belanja Perjalanan Dinas Paket Meeting Luar Kota',NULL,'',NULL,NULL,1191260000,'','BIS','2017-10-25 16:00:00','172.16.152.43',0),(13,'521213','DKP','2017','Honor Output Kegiatan',NULL,'',NULL,NULL,353500000,'','BIS','2017-10-25 16:00:00','172.16.152.43',0),(13,'524119','DKT','2017','Belanja Perjalanan Dinas Paket Meeting Luar Kota',NULL,'',NULL,NULL,121605000,'','BIS','2017-10-25 16:00:00','172.16.152.43',0),(14,'059','DKA','2017','Pemantauan dan Evaluasi Pelaksanaan Penghematan Energi di Instansi Pemerintah',NULL,'',NULL,NULL,981346000,'','BIS','2017-10-25 16:00:00','172.16.152.43',0),(14,'521811 ','DKE','2017','Belanja Barang Untuk Persediaan Barang konsumsi',NULL,'',NULL,NULL,9870000,'','BIS','2017-10-25 16:00:00','172.16.152.43',0),(14,'053','DKK','2017','Publikasi Konservasi Energi Pada Masyarakat Umum',NULL,'',NULL,NULL,20234650000,'','BIS','2017-10-25 16:00:00','172.16.152.43',0),(14,'521811 ','DKP','2017','Belanja Barang Untuk Persediaan Barang konsumsi',NULL,'',NULL,NULL,8409000,'','BIS','2017-10-25 16:00:00','172.16.152.43',0),(14,'053','DKT','2017','Penyusunan Draft SNI di Bidang  Konservasi Energi',NULL,'',NULL,NULL,390040000,'','BIS','2017-10-25 16:00:00','172.16.152.43',0),(15,'521211','DKA','2017','Belanja Bahan',NULL,'',NULL,NULL,45600000,'','BIS','2017-10-25 16:00:00','172.16.152.43',0),(15,'522131','DKE','2017','Belanja Jasa Konsultan (Tenaga Ahli Ekonomi)',NULL,'',NULL,NULL,80000000,'','BIS','2017-10-25 16:00:00','172.16.152.43',0),(15,'521211','DKK','2017','Belanja Bahan',NULL,'',NULL,NULL,152750000,'','BIS','2017-10-25 16:00:00','172.16.152.43',0),(15,'522141','DKP','2017','Belanja Sewa (Sewa kendaraan Roda Empat)',NULL,'',NULL,NULL,7508000,'','BIS','2017-10-25 16:00:00','172.16.152.43',0),(15,'521211','DKT','2017','Belanja Bahan',NULL,'',NULL,NULL,26043000,'','BIS','2017-10-25 16:00:00','172.16.152.43',0),(16,'','DKA','2017','- Konsumsi Rapat',NULL,'',NULL,NULL,30600000,'','BIS','2017-10-25 16:00:00','172.16.152.43',0),(16,'522151','DKE','2017','Belanja Jasa Profesi',NULL,'',NULL,NULL,56000000,'','BIS','2017-10-25 16:00:00','172.16.152.43',0),(16,'','DKK','2017','- Konsumsi Rapat',NULL,'',NULL,NULL,9750000,'','BIS','2017-10-25 16:00:00','172.16.152.43',0),(16,'522151','DKP','2017','Belanja Jasa Profesi',NULL,'',NULL,NULL,173000000,'','BIS','2017-10-25 16:00:00','172.16.152.43',0),(16,'','DKT','2017','- Fotokopi, bahan rapat, pencetakan, penjilidan',NULL,'',NULL,NULL,3003000,'','BIS','2017-10-25 16:00:00','172.16.152.43',0),(17,'','DKA','2017','- Penggandaan Materi dan Pembuatan Laporan , Foto Copy, Penjilidan',NULL,'',NULL,NULL,15000000,'','BIS','2017-10-25 16:00:00','172.16.152.43',0),(17,'524111','DKE','2017','Belanja Perjalanan Biasa',NULL,'',NULL,NULL,48512000,'','BIS','2017-10-25 16:00:00','172.16.152.43',0),(17,'','DKK','2017','- Penggandaan, Pencetakan, Pembelian Bahan SNI dan Penjilidan Laporan',NULL,'',NULL,NULL,143000000,'','BIS','2017-10-25 16:00:00','172.16.152.43',0),(17,'524111','DKP','2017','Belanja Perjalanan Biasa',NULL,'',NULL,NULL,230126000,'','BIS','2017-10-25 16:00:00','172.16.152.43',0),(17,'','DKT','2017','- Konsumsi Rapat',NULL,'',NULL,NULL,23040000,'','BIS','2017-10-25 16:00:00','172.16.152.43',0),(18,'521213','DKA','2017','Honor Output Kegiatan',NULL,'',NULL,NULL,357600000,'','BIS','2017-10-25 16:00:00','172.16.152.43',0),(18,'524114','DKE','2017','Belanja Perjalanan Dinas Paket Meeting Dalam Kota',NULL,'',NULL,NULL,78000000,'','BIS','2017-10-25 16:00:00','172.16.152.43',0),(18,'521213','DKK','2017','Honor Output Kegiatan',NULL,'',NULL,NULL,157000000,'','BIS','2017-10-25 16:00:00','172.16.152.43',0),(18,'524113','DKP','2017','Belanja Perjalanan Dinas Dalam Kota',NULL,'',NULL,NULL,9000000,'','BIS','2017-10-25 16:00:00','172.16.152.43',0),(18,'521213','DKT','2017','Honor Output Kegiatan',NULL,'',NULL,NULL,142500000,'','BIS','2017-10-25 16:00:00','172.16.152.43',0),(19,'521811 ','DKA','2017','Belanja Barang Untuk Persediaan Barang konsumsi',NULL,'',NULL,NULL,9944000,'','BIS','2017-10-25 16:00:00','172.16.152.43',0),(19,'524119','DKE','2017','Belanja Perjalanan Dinas Paket Meeting Luar Kota',NULL,'',NULL,NULL,90400000,'','BIS','2017-10-25 16:00:00','172.16.152.43',0),(19,'521811 ','DKK','2017','Belanja Barang Untuk Persediaan Barang konsumsi',NULL,'',NULL,NULL,9000000,'','BIS','2017-10-25 16:00:00','172.16.152.43',0),(19,'524114','DKP','2017','Belanja Perjalanan Dinas Paket Meeting Dalam Kota',NULL,'',NULL,NULL,82880000,'','BIS','2017-10-25 16:00:00','172.16.152.43',0),(19,'521811 ','DKT','2017','Belanja Barang Untuk Persediaan Barang konsumsi',NULL,'',NULL,NULL,7423000,'','BIS','2017-10-25 16:00:00','172.16.152.43',0),(20,'522141','DKA','2017','Belanja Sewa ',NULL,'',NULL,NULL,15144000,'','BIS','2017-10-25 16:00:00','172.16.152.43',0),(20,'056','DKE','2017','Penyusunan PedomanPembiayaan Investasi Efisienssi Energi',NULL,'',NULL,NULL,421180000,'','BIS','2017-10-25 16:00:00','172.16.152.43',0),(20,'522131','DKK','2017','Belanja Jasa Konsultan (Duta Konservasi Energi)',NULL,'',NULL,NULL,120000000,'','BIS','2017-10-25 16:00:00','172.16.152.43',0),(20,'524119','DKP','2017','Belanja Perjalanan Dinas Paket Meeting Luar Kota',NULL,'',NULL,NULL,304420000,'','BIS','2017-10-25 16:00:00','172.16.152.43',0),(20,'522151','DKT','2017','Belanja Jasa Profesi',NULL,'',NULL,NULL,72000000,'','BIS','2017-10-25 16:00:00','172.16.152.43',0),(21,'522151','DKA','2017','Belanja Jasa Profesi',NULL,'',NULL,NULL,102600000,'','BIS','2017-10-25 16:00:00','172.16.152.43',0),(21,'521211','DKE','2017','Belanja Bahan',NULL,'',NULL,NULL,25600000,'','BIS','2017-10-25 16:00:00','172.16.152.43',0),(21,'522191','DKK','2017','Belanja Jasa Lainnya',NULL,'',NULL,NULL,19506900000,'','BIS','2017-10-25 16:00:00','172.16.152.43',0),(21,'052','DKP','2017','Penyusunan Data dan Informasi Konservasi Energi',NULL,'',NULL,NULL,3083546000,'','BIS','2017-10-25 16:00:00','172.16.152.43',0),(21,'524111','DKT','2017','Belanja Perjalanan Biasa',NULL,'',NULL,NULL,50833000,'','BIS','2017-10-25 16:00:00','172.16.152.43',0),(22,'522191','DKA','2017','Belanja Jasa Lainnya',NULL,'',NULL,NULL,38699000,'','BIS','2017-10-25 16:00:00','172.16.152.43',0),(22,'','DKE','2017','Konsumsi Rapat',NULL,'',NULL,NULL,NULL,'','BIS','2017-10-25 16:00:00','172.16.152.43',0),(22,'524111','DKK','2017','Belanja Perjalanan Biasa',NULL,'',NULL,NULL,280000000,'','BIS','2017-10-25 16:00:00','172.16.152.43',0),(22,'521211','DKP','2017','Belanja Bahan',NULL,'',NULL,NULL,263240000,'','BIS','2017-10-25 16:00:00','172.16.152.43',0),(22,'524113','DKT','2017','Belanja Perjalanan Dinas Dalam Kota',NULL,'',NULL,NULL,3750000,'','BIS','2017-10-25 16:00:00','172.16.152.43',0),(23,'524111','DKA','2017','Belanja Perjalanan Biasa',NULL,'',NULL,NULL,195452000,'','BIS','2017-10-25 16:00:00','172.16.152.43',0),(23,'521213','DKE','2017','Honor Output Kegiatan',NULL,'',NULL,NULL,152500000,'','BIS','2017-10-25 16:00:00','172.16.152.43',0),(23,'524113','DKK','2017','Belanja Perjalanan Dinas dalam Kota',NULL,'',NULL,NULL,9000000,'','BIS','2017-10-25 16:00:00','172.16.152.43',0),(23,'','DKP','2017','- Penggandaan dan Penjilidan dokumen  rapat, dan Laporan dan pencetakan buku',NULL,'',NULL,NULL,251000000,'','BIS','2017-10-25 16:00:00','172.16.152.43',0),(23,'524114','DKT','2017','Belanja Perjalanan Dinas Paket Meeting Dalam Kota',NULL,'',NULL,NULL,22200000,'','BIS','2017-10-25 16:00:00','172.16.152.43',0),(24,'524114','DKA','2017','Belanja Perjalanan Dinas Paket Meeting Dalam Kota',NULL,'',NULL,NULL,28000000,'','BIS','2017-10-25 16:00:00','172.16.152.43',0),(24,'521811 ','DKE','2017','Belanja Barang Untuk Persediaan Barang konsumsi',NULL,'',NULL,NULL,8489000,'','BIS','2017-10-25 16:00:00','172.16.152.43',0),(24,'054','DKK','2017','Penyelenggaraan Lomba Hemat Energi di Sekolah Untuk SMP dan SMA',NULL,'',NULL,NULL,4110000000,'','BIS','2017-10-25 16:00:00','172.16.152.43',0),(24,'','DKP','2017','- Konsumsi Rapat',NULL,'',NULL,NULL,12240000,'','BIS','2017-10-25 16:00:00','172.16.152.43',0),(24,'524119','DKT','2017','Belanja Perjalanan Dinas Paket Meeting Luar Kota',NULL,'',NULL,NULL,65291000,'','BIS','2017-10-25 16:00:00','172.16.152.43',0),(25,'524119','DKA','2017','Belanja Perjalanan Dinas Paket Meeting Luar Kota',NULL,'',NULL,NULL,188307000,'','BIS','2017-10-25 16:00:00','172.16.152.43',0),(25,'522151','DKE','2017','Belanja Jasa Profesi',NULL,'',NULL,NULL,52500000,'','BIS','2017-10-25 16:00:00','172.16.152.43',0),(25,'522191','DKK','2017','Belanja Jasa Lainnya',NULL,'',NULL,NULL,NULL,'','BIS','2017-10-25 16:00:00','172.16.152.43',0),(25,'521213','DKP','2017','Honor Output Kegiatan',NULL,'',NULL,NULL,152500000,'','BIS','2017-10-25 16:00:00','172.16.152.43',0),(25,'054','DKT','2017','Penyusunan Draft Perpres Penerapan Building Energy Management System Secara Wajib di Bangunan Gedung Pemerintah',NULL,'',NULL,NULL,377902000,'','BIS','2017-10-25 16:00:00','172.16.152.43',0),(26,'060','DKA','2017','Pelaksanaan Audit Energi di Bangunan Gedung Pemerintah',NULL,'',NULL,NULL,NULL,'','BIS','2017-10-25 16:00:00','172.16.152.43',0),(26,'522191','DKE','2017','Belanja Jasa Lainnya',NULL,'',NULL,NULL,10000000,'','BIS','2017-10-25 16:00:00','172.16.152.43',0),(26,'','DKK','2017','Lomba Hemat Energi di Rumah dan Sekolah untuk SMP dan SMA',NULL,'',NULL,NULL,4110000000,'','BIS','2017-10-25 16:00:00','172.16.152.43',0),(26,'521811 ','DKP','2017','Belanja Barang Untuk Persediaan Barang konsumsi',NULL,'',NULL,NULL,8075000,'','BIS','2017-10-25 16:00:00','172.16.152.43',0),(26,'521211','DKT','2017','Belanja Bahan',NULL,'',NULL,NULL,25160000,'','BIS','2017-10-25 16:00:00','172.16.152.43',0),(27,'522131','DKA','2017','Belanja Jasa Konsultan',NULL,'',NULL,NULL,940555000,'','BIS','2017-10-25 16:00:00','172.16.152.43',0),(27,'524111','DKE','2017','Belanja Perjalanan Biasa',NULL,'',NULL,NULL,25813000,'','BIS','2017-10-25 16:00:00','172.16.152.43',0),(27,'055','DKK','2017','Pelaksanaan Kerjasama Bidang Konservasi Energi',NULL,'',NULL,NULL,3334916000,'','BIS','2017-10-25 16:00:00','172.16.152.43',0),(27,'522131','DKP','2017','Belanja Jasa Konsultan (Penyusunan Data dan Informasi Konservasi Energi di Sektor Bangunan Gedung Komersial)',NULL,'',NULL,NULL,2500000000,'','BIS','2017-10-25 16:00:00','172.16.152.43',0),(27,'','DKT','2017','- Fotokopi, bahan rapat, pencetakan, penjilidan',NULL,'',NULL,NULL,2120000,'','BIS','2017-10-25 16:00:00','172.16.152.43',0),(28,'','DKA','2017','Audit Energi di Bangunan Gedung Pemerintah',NULL,'',NULL,NULL,NULL,'','BIS','2017-10-25 16:00:00','172.16.152.43',0),(28,'524113','DKE','2017','Belanja Perjalanan Dinas dalam Kota',NULL,'',NULL,NULL,2800000,'','BIS','2017-10-25 16:00:00','172.16.152.43',0),(28,'521211','DKK','2017','Belanja Bahan',NULL,'',NULL,NULL,141600000,'','BIS','2017-10-25 16:00:00','172.16.152.43',0),(28,'524111','DKP','2017','Belanja Perjalanan Biasa',NULL,'',NULL,NULL,70986000,'','BIS','2017-10-25 16:00:00','172.16.152.43',0),(28,'','DKT','2017','- Konsumsi Rapat',NULL,'',NULL,NULL,23040000,'','BIS','2017-10-25 16:00:00','172.16.152.43',0),(29,'061','DKA','2017','Pembinaan dan Pengawasan Manajemen Energi di Industri dan Bangunan Gedung',NULL,'',NULL,NULL,2093521000,'','BIS','2017-10-25 16:00:00','172.16.152.43',0),(29,'524114','DKE','2017','Belanja Perjalanan Dinas Paket Meeting Dalam Kota',NULL,'',NULL,NULL,32000000,'','BIS','2017-10-25 16:00:00','172.16.152.43',0),(29,'','DKK','2017','- Konsumsi Rapat',NULL,'',NULL,NULL,15600000,'','BIS','2017-10-25 16:00:00','172.16.152.43',0),(29,'524119','DKP','2017','Belanja Perjalanan Dinas Paket Meeting Luar Kota',NULL,'',NULL,NULL,88745000,'','BIS','2017-10-25 16:00:00','172.16.152.43',0),(29,'521213','DKT','2017','Honor Output Kegiatan',NULL,'',NULL,NULL,142500000,'','BIS','2017-10-25 16:00:00','172.16.152.43',0),(30,'521211','DKA','2017','Belanja Bahan',NULL,'',NULL,NULL,72275000,'','BIS','2017-10-25 16:00:00','172.16.152.43',0),(30,'524119','DKE','2017','Belanja Perjalanan Dinas Paket Meeting Luar Kota',NULL,'',NULL,NULL,111478000,'','BIS','2017-10-25 16:00:00','172.16.152.43',0),(30,'','DKK','2017','- Penggandaan Materi Workshop dan Penjilidan Laporan',NULL,'',NULL,NULL,126000000,'','BIS','2017-10-25 16:00:00','172.16.152.43',0),(30,'053','DKP','2017','Pelaksanaan Market Survay Peralatan Hemat Energi di Sektor Rumah Tangga',NULL,'',NULL,NULL,1321385000,'','BIS','2017-10-25 16:00:00','172.16.152.43',0),(30,'521811 ','DKT','2017','Belanja Barang Untuk Persediaan Barang konsumsi',NULL,'',NULL,NULL,9281000,'','BIS','2017-10-25 16:00:00','172.16.152.43',0),(31,'','DKA','2017','- Konsumsi Rapat',NULL,'',NULL,NULL,20400000,'','BIS','2017-10-25 16:00:00','172.16.152.43',0),(31,'058','DKE','2017','Pelaksanaan Investment Grade Energi Audit',NULL,'',NULL,NULL,NULL,'','BIS','2017-10-25 16:00:00','172.16.152.43',0),(31,'521213','DKK','2017','Honor Output Kegiatan',NULL,'',NULL,NULL,157000000,'','BIS','2017-10-25 16:00:00','172.16.152.43',0),(31,'521211','DKP','2017','Belanja Bahan',NULL,'',NULL,NULL,10660000,'','BIS','2017-10-25 16:00:00','172.16.152.43',0),(31,'522151','DKT','2017','Belanja Jasa Profesi',NULL,'',NULL,NULL,43200000,'','BIS','2017-10-25 16:00:00','172.16.152.43',0),(32,'','DKA','2017','- Penggandaan Materi dan Pembuatan Laporan , Foto Copy, Penjilidan',NULL,'',NULL,NULL,51875000,'','BIS','2017-10-25 16:00:00','172.16.152.43',0),(32,'522131','DKE','2017','Belanja Jasa Konsultan',NULL,'',NULL,NULL,2400091000,'','BIS','2017-10-25 16:00:00','172.16.152.43',0),(32,'521811 ','DKK','2017','Belanja Barang Untuk Persediaan Barang konsumsi',NULL,'',NULL,NULL,9000000,'','BIS','2017-10-25 16:00:00','172.16.152.43',0),(32,'','DKP','2017','- Penggandaan dan Penjilidan dokumen  rapat, dan Laporan dan pencetakan buku',NULL,'',NULL,NULL,2500000,'','BIS','2017-10-25 16:00:00','172.16.152.43',0),(32,'524111','DKT','2017','Belanja Perjalanan Biasa',NULL,'',NULL,NULL,74532000,'','BIS','2017-10-25 16:00:00','172.16.152.43',0),(33,'521213','DKA','2017','Honor Output Kegiatan',NULL,'',NULL,NULL,152500000,'','BIS','2017-10-25 16:00:00','172.16.152.43',0),(33,'','DKE','2017','- Belanja Konsultan IGA Sektor Industri',NULL,'',NULL,NULL,1200091000,'','BIS','2017-10-25 16:00:00','172.16.152.43',0),(33,'522151','DKK','2017','Belanja Jasa Profesi',NULL,'',NULL,NULL,254000000,'','BIS','2017-10-25 16:00:00','172.16.152.43',0),(33,'','DKP','2017','- Konsumsi Rapat',NULL,'',NULL,NULL,8160000,'','BIS','2017-10-25 16:00:00','172.16.152.43',0),(33,'524113','DKT','2017','Belanja Perjalanan Dinas Dalam Kota',NULL,'',NULL,NULL,6150000,'','BIS','2017-10-25 16:00:00','172.16.152.43',0),(34,'521811 ','DKA','2017','Belanja Barang Untuk Persediaan Barang konsumsi',NULL,'',NULL,NULL,7933000,'','BIS','2017-10-25 16:00:00','172.16.152.43',0),(34,'','DKE','2017','- Belanja Konsultan IGA Sektor Bangunan Gedung',NULL,'',NULL,NULL,1200000000,'','BIS','2017-10-25 16:00:00','172.16.152.43',0),(34,'522191','DKK','2017','Belanja Jasa Lainnya',NULL,'',NULL,NULL,305116000,'','BIS','2017-10-25 16:00:00','172.16.152.43',0),(34,'521213','DKP','2017','Honor Output Kegiatan',NULL,'',NULL,NULL,152500000,'','BIS','2017-10-25 16:00:00','172.16.152.43',0),(34,'524114','DKT','2017','Belanja Perjalanan Dinas Paket Meeting Dalam Kota',NULL,'',NULL,NULL,14800000,'','BIS','2017-10-25 16:00:00','172.16.152.43',0),(35,'522141','DKA','2017','Belanja Sewa ',NULL,'',NULL,NULL,15682000,'','BIS','2017-10-25 16:00:00','172.16.152.43',0),(35,'063','DKE','2017','Capacity Building Efficeincy Energy Untuk Lembaga Keuangan',NULL,'',NULL,NULL,285927000,'','BIS','2017-10-25 16:00:00','172.16.152.43',0),(35,'524111','DKK','2017','Belanja Perjalanan Biasa',NULL,'',NULL,NULL,200000000,'','BIS','2017-10-25 16:00:00','172.16.152.43',0),(35,'521811 ','DKP','2017','Belanja Barang Untuk Persediaan Barang konsumsi',NULL,'',NULL,NULL,8334000,'','BIS','2017-10-25 16:00:00','172.16.152.43',0),(35,'524119','DKT','2017','Belanja Perjalanan Dinas Paket Meeting Luar Kota',NULL,'',NULL,NULL,62279000,'','BIS','2017-10-25 16:00:00','172.16.152.43',0),(36,'522151','DKA','2017','Belanja Jasa Profesi',NULL,'',NULL,NULL,434300000,'','BIS','2017-10-25 16:00:00','172.16.152.43',0),(36,'521211','DKE','2017','Belanja Bahan',NULL,'',NULL,NULL,21120000,'','BIS','2017-10-25 16:00:00','172.16.152.43',0),(36,'524113','DKK','2017','Belanja Perjalanan Dinas dalam Kota',NULL,'',NULL,NULL,30000000,'','BIS','2017-10-25 16:00:00','172.16.152.43',0),(36,'522131','DKP','2017','Belanja Jasa Konsultan (Penyusunan Data dan Informasi Konservasi Energi di Sektor Bangunan Gedung Komersial)',NULL,'',NULL,NULL,970000000,'','BIS','2017-10-25 16:00:00','172.16.152.43',0),(36,'055','DKT','2017','Penyusunan Draft SNI Konservasi Energi pada Bangunan Gedung',NULL,'',NULL,NULL,360349000,'','BIS','2017-10-25 16:00:00','172.16.152.43',0),(37,'522191','DKA','2017','Belanja Jasa Lainnya',NULL,'',NULL,NULL,141840000,'','BIS','2017-10-25 16:00:00','172.16.152.43',0),(37,'','DKE','2017','- Konsumsi Rapat',NULL,'',NULL,NULL,NULL,'','BIS','2017-10-25 16:00:00','172.16.152.43',0),(37,'524114','DKK','2017','Belanja Perjalanan Dinas Paket Meeting Dalam Kota',NULL,'',NULL,NULL,199200000,'','BIS','2017-10-25 16:00:00','172.16.152.43',0),(37,'522151','DKP','2017','Belanja Jasa Profesi',NULL,'',NULL,NULL,50000000,'','BIS','2017-10-25 16:00:00','172.16.152.43',0),(37,'521211','DKT','2017','Belanja Bahan',NULL,'',NULL,NULL,25160000,'','BIS','2017-10-25 16:00:00','172.16.152.43',0),(38,'524111','DKA','2017','Belanja Perjalanan Biasa',NULL,'',NULL,NULL,169249000,'','BIS','2017-10-25 16:00:00','172.16.152.43',0),(38,'521811 ','DKE','2017','Belanja Barang Untuk Persediaan Barang konsumsi',NULL,'',NULL,NULL,6874000,'','BIS','2017-10-25 16:00:00','172.16.152.43',0),(38,'524119','DKK','2017','Belanja Perjalanan Dinas Paket Meeting Luar Kota',NULL,'',NULL,NULL,389000000,'','BIS','2017-10-25 16:00:00','172.16.152.43',0),(38,'524111','DKP','2017','Belanja Perjalanan Biasa',NULL,'',NULL,NULL,70042000,'','BIS','2017-10-25 16:00:00','172.16.152.43',0),(38,'','DKT','2017','- Fotokopi, bahan rapat, pencetakan, penjilidan',NULL,'',NULL,NULL,2120000,'','BIS','2017-10-25 16:00:00','172.16.152.43',0),(39,'524114','DKA','2017','Belanja Perjalanan Dinas Paket Meeting Dalam Kota',NULL,'',NULL,NULL,105000000,'','BIS','2017-10-25 16:00:00','172.16.152.43',0),(39,'522151','DKE','2017','Belanja Jasa Profesi',NULL,'',NULL,NULL,46200000,'','BIS','2017-10-25 16:00:00','172.16.152.43',0),(39,'524211','DKK','2017','Belanja Perjalanan Biasa-Luar Negeri',NULL,'',NULL,NULL,1650000000,'','BIS','2017-10-25 16:00:00','172.16.152.43',0),(39,'524119','DKP','2017','Belanja Perjalanan Dinas Paket Meeting Luar Kota',NULL,'',NULL,NULL,59849000,'','BIS','2017-10-25 16:00:00','172.16.152.43',0),(39,'','DKT','2017','- Konsumsi Rapat',NULL,'',NULL,NULL,23040000,'','BIS','2017-10-25 16:00:00','172.16.152.43',0),(40,'524119','DKA','2017','Belanja Perjalanan Dinas Paket Meeting Luar Kota',NULL,'',NULL,NULL,994742000,'','BIS','2017-10-25 16:00:00','172.16.152.43',0),(40,'522191','DKE','2017','Belanja Jasa Lainnya',NULL,'',NULL,NULL,27400000,'','BIS','2017-10-25 16:00:00','172.16.152.43',0),(40,'056','DKK','2017','Penyelenggaraan Kegiatan Penghargaan Efisiensi Nasional',NULL,'',NULL,NULL,3327350000,'','BIS','2017-10-25 16:00:00','172.16.152.43',0),(40,'521213','DKT','2017','Honor Output Kegiatan',NULL,'',NULL,NULL,142500000,'','BIS','2017-10-25 16:00:00','172.16.152.43',0),(41,'524111','DKE','2017','Belanja Perjalanan Biasa',NULL,'',NULL,NULL,103933000,'','BIS','2017-10-25 16:00:00','172.16.152.43',0),(41,'521211','DKK','2017','Belanja Bahan',NULL,'',NULL,NULL,59350000,'','BIS','2017-10-25 16:00:00','172.16.152.43',0),(41,'521811 ','DKT','2017','Belanja Barang Untuk Persediaan Barang konsumsi',NULL,'',NULL,NULL,9232000,'','BIS','2017-10-25 16:00:00','172.16.152.43',0),(42,'524114','DKE','2017','Belanja Perjalanan Dinas Paket Meeting Dalam Kota',NULL,'',NULL,NULL,30680000,'','BIS','2017-10-25 16:00:00','172.16.152.43',0),(42,'','DKK','2017','- Konsumsi Rapat',NULL,'',NULL,NULL,5850000,'','BIS','2017-10-25 16:00:00','172.16.152.43',0),(42,'522151','DKT','2017','Belanja Jasa Profesi',NULL,'',NULL,NULL,63000000,'','BIS','2017-10-25 16:00:00','172.16.152.43',0),(43,'524119','DKE','2017','Belanja Perjalanan Dinas Paket Meeting Luar Kota',NULL,'',NULL,NULL,49720000,'','BIS','2017-10-25 16:00:00','172.16.152.43',0),(43,'','DKK','2017','- Penggandaan Materi Workshop,  dan Penjilidan Laporan dll.',NULL,'',NULL,NULL,53500000,'','BIS','2017-10-25 16:00:00','172.16.152.43',0),(43,'524111','DKT','2017','Belanja Perjalanan Biasa',NULL,'',NULL,NULL,34066000,'','BIS','2017-10-25 16:00:00','172.16.152.43',0),(44,'064','DKE','2017','Penyusunan SKEMA Insentif Produsen Peralatan Hemat Energi',NULL,'',NULL,NULL,598753000,'','BIS','2017-10-25 16:00:00','172.16.152.43',0),(44,'521213','DKK','2017','Honor Output Kegiatan',NULL,'',NULL,NULL,359750000,'','BIS','2017-10-25 16:00:00','172.16.152.43',0),(44,'524113','DKT','2017','Belanja Perjalanan Dinas Dalam Kota',NULL,'',NULL,NULL,9150000,'','BIS','2017-10-25 16:00:00','172.16.152.43',0),(45,'521211','DKE','2017','Belanja Bahan',NULL,'',NULL,NULL,11520000,'','BIS','2017-10-25 16:00:00','172.16.152.43',0),(45,'521811 ','DKK','2017','Belanja Barang Untuk Persediaan Barang konsumsi',NULL,'',NULL,NULL,9000000,'','BIS','2017-10-25 16:00:00','172.16.152.43',0),(45,'524114','DKT','2017','Belanja Perjalanan Dinas Paket Meeting Dalam Kota',NULL,'',NULL,NULL,14800000,'','BIS','2017-10-25 16:00:00','172.16.152.43',0),(46,'','DKE','2017','- Konsumsi Rapat',NULL,'',NULL,NULL,NULL,'','BIS','2017-10-25 16:00:00','172.16.152.43',0),(46,'522131','DKK','2017','Belanja Jasa Konsultan (Penyuntingan Makalah Energy Award2017)',NULL,'',NULL,NULL,47350000,'','BIS','2017-10-25 16:00:00','172.16.152.43',0),(46,'524119','DKT','2017','Belanja Perjalanan Dinas Paket Meeting Luar Kota',NULL,'',NULL,NULL,62441000,'','BIS','2017-10-25 16:00:00','172.16.152.43',0),(47,'521213','DKE','2017','Honor Output Kegiatan',NULL,'',NULL,NULL,353500000,'','BIS','2017-10-25 16:00:00','172.16.152.43',0),(47,'522151','DKK','2017','Belanja Jasa Profesi',NULL,'',NULL,NULL,169900000,'','BIS','2017-10-25 16:00:00','172.16.152.43',0),(47,'011.051','DKT','2017','Penerapan Efisinei Energi',NULL,'',NULL,NULL,636868000,'','BIS','2017-10-25 16:00:00','172.16.152.43',0),(48,'521811 ','DKE','2017','Belanja Barang Untuk Persediaan Barang konsumsi',NULL,'',NULL,NULL,9000000,'','BIS','2017-10-25 16:00:00','172.16.152.43',0),(48,'522191','DKK','2017','Belanja Jasa Lainnya',NULL,'',NULL,NULL,2125560000,'','BIS','2017-10-25 16:00:00','172.16.152.43',0),(48,'521211','DKT','2017','Belanja Bahan',NULL,'',NULL,NULL,25209000,'','BIS','2017-10-25 16:00:00','172.16.152.43',0),(49,'522131','DKE','2017','Belanja Jasa Konsultan',NULL,'',NULL,NULL,60000000,'','BIS','2017-10-25 16:00:00','172.16.152.43',0),(49,'524111','DKK','2017','Belanja Perjalanan Biasa',NULL,'',NULL,NULL,190000000,'','BIS','2017-10-25 16:00:00','172.16.152.43',0),(49,'','DKT','2017','- Fotokopi Bahan Rapat, Pencetakan, Penjilidan',NULL,'',NULL,NULL,2169000,'','BIS','2017-10-25 16:00:00','172.16.152.43',0),(50,'522151','DKE','2017','Belanja Jasa Profesi',NULL,'',NULL,NULL,39200000,'','BIS','2017-10-25 16:00:00','172.16.152.43',0),(50,'524113','DKK','2017','Belanja Perjalanan Dinas dalam Kota',NULL,'',NULL,NULL,9000000,'','BIS','2017-10-25 16:00:00','172.16.152.43',0),(50,'','DKT','2017','- Konsumsi Rapat',NULL,'',NULL,NULL,23040000,'','BIS','2017-10-25 16:00:00','172.16.152.43',0),(51,'524111','DKE','2017','Belanja Perjalanan Biasa',NULL,'',NULL,NULL,103933000,'','BIS','2017-10-25 16:00:00','172.16.152.43',0),(51,'524119','DKK','2017','Belanja Perjalanan Dinas Paket Meeting Luar Kota',NULL,'',NULL,NULL,357440000,'','BIS','2017-10-25 16:00:00','172.16.152.43',0),(51,'521213','DKT','2017','Honor Output Kegiatan',NULL,'',NULL,NULL,142500000,'','BIS','2017-10-25 16:00:00','172.16.152.43',0),(52,'524114','DKE','2017','Belanja Perjalanan Dinas Paket Meeting Dalam Kota',NULL,'',NULL,NULL,21600000,'','BIS','2017-10-25 16:00:00','172.16.152.43',0),(52,'012.057','DKK','2017','Pelaksanaan Kegiatan Penggerak Energi Tanah Airt ESDM 2017',NULL,'',NULL,NULL,1235697000,'','BIS','2017-10-25 16:00:00','172.16.152.43',0),(52,'521811 ','DKT','2017','Belanja Barang Untuk Persediaan Barang konsumsi',NULL,'',NULL,NULL,9921000,'','BIS','2017-10-25 16:00:00','172.16.152.43',0),(53,'521211','DKK','2017','Belanja Bahan',NULL,'',NULL,NULL,181850000,'','BIS','2017-10-25 16:00:00','172.16.152.43',0),(53,'522141','DKT','2017','Belanja Sewa',NULL,'',NULL,NULL,22100000,'','BIS','2017-10-25 16:00:00','172.16.152.43',0),(54,'','DKK','2017','- Konsumsi Rapat',NULL,'',NULL,NULL,5850000,'','BIS','2017-10-25 16:00:00','172.16.152.43',0),(54,'522151','DKT','2017','Belanja Jasa Profesi',NULL,'',NULL,NULL,70200000,'','BIS','2017-10-25 16:00:00','172.16.152.43',0),(55,'','DKK','2017','- Penggandaan Merchandise untuk pameran,  dan Penjilidan Laporan dll.',NULL,'',NULL,NULL,176000000,'','BIS','2017-10-25 16:00:00','172.16.152.43',0),(55,'524111','DKT','2017','Belanja Perjalanan Biasa',NULL,'',NULL,NULL,300028000,'','BIS','2017-10-25 16:00:00','172.16.152.43',0),(56,'521213','DKK','2017','Honor Output Kegiatan',NULL,'',NULL,NULL,353500000,'','BIS','2017-10-25 16:00:00','172.16.152.43',0),(56,'524113','DKT','2017','Belanja Perjalanan Dinas dalam Kota',NULL,'',NULL,NULL,3000000,'','BIS','2017-10-25 16:00:00','172.16.152.43',0),(57,'521811 ','DKK','2017','Belanja Barang Untuk Persediaan Barang konsumsi',NULL,'',NULL,NULL,9000000,'','BIS','2017-10-25 16:00:00','172.16.152.43',0),(57,'524114','DKT','2017','Belanja Perjalanan Dinas Paket Meeting Dalam Kota',NULL,'',NULL,NULL,14800000,'','BIS','2017-10-25 16:00:00','172.16.152.43',0),(58,'522151','DKK','2017','Belanja Jasa Profesi',NULL,'',NULL,NULL,52800000,'','BIS','2017-10-25 16:00:00','172.16.152.43',0),(58,'524119','DKT','2017','Belanja Perjalanan Dinas Paket Meeting Luar Kota',NULL,'',NULL,NULL,49110000,'','BIS','2017-10-25 16:00:00','172.16.152.43',0),(59,'522191','DKK','2017','Belanja Jasa Lainnya',NULL,'',NULL,NULL,295870000,'','BIS','2017-10-25 16:00:00','172.16.152.43',0),(59,'052','DKT','2017','Pemasangan Sistem Monitoring Konsumsi Energi dan Penggantian LampuLED di Lingkungan Kementerian ESDM ',NULL,'',NULL,NULL,5199080000,'','BIS','2017-10-25 16:00:00','172.16.152.43',0),(60,'524111','DKK','2017','Belanja Perjalanan Biasa',NULL,'',NULL,NULL,150000000,'','BIS','2017-10-25 16:00:00','172.16.152.43',0),(60,'532111','DKT','2017','Belanja Modal Peralatan dan Mesin',NULL,'',NULL,NULL,5199080000,'','BIS','2017-10-25 16:00:00','172.16.152.43',0),(61,'524113','DKK','2017','Belanja Perjalanan Dinas dalam Kota',NULL,'',NULL,NULL,75000000,'','BIS','2017-10-25 16:00:00','172.16.152.43',0),(61,'053','DKT','2017','Monitoring Terhadap Pencapaian Emisi Gas Rumah Kaca (GRK) RAN-RAD',NULL,'',NULL,NULL,474755000,'','BIS','2017-10-25 16:00:00','172.16.152.43',0),(62,'524119','DKK','2017','Belanja Perjalanan Dinas Paket Meeting Luar Kota',NULL,'',NULL,NULL,117677000,'','BIS','2017-10-25 16:00:00','172.16.152.43',0),(62,'521211','DKT','2017','Belanja Bahan',NULL,'',NULL,NULL,25228000,'','BIS','2017-10-25 16:00:00','172.16.152.43',0),(63,'','DKT','2017','- Fotokopi Bahan Rapat, Pencetakan, Penjilidan',NULL,'',NULL,NULL,2188000,'','BIS','2017-10-25 16:00:00','172.16.152.43',0),(64,'','DKT','2017','- Konsumsi Rapat',NULL,'',NULL,NULL,23040000,'','BIS','2017-10-25 16:00:00','172.16.152.43',0),(65,'521213','DKT','2017','Honor Output Kegiatan',NULL,'',NULL,NULL,142500000,'','BIS','2017-10-25 16:00:00','172.16.152.43',0),(66,'521811 ','DKT','2017','Belanja Barang Untuk Persediaan Barang konsumsi',NULL,'',NULL,NULL,8433000,'','BIS','2017-10-25 16:00:00','172.16.152.43',0),(67,'522151','DKT','2017','Belanja Jasa Profesi',NULL,'',NULL,NULL,70200000,'','BIS','2017-10-25 16:00:00','172.16.152.43',0),(68,'524111','DKT','2017','Belanja Perjalanan Biasa',NULL,'',NULL,NULL,147124000,'','BIS','2017-10-25 16:00:00','172.16.152.43',0),(69,'524113','DKT','2017','Belanja Perjalanan Dinas dalam Kota',NULL,'',NULL,NULL,4500000,'','BIS','2017-10-25 16:00:00','172.16.152.43',0),(70,'524114','DKT','2017','Belanja Perjalanan Dinas Paket Meeting Dalam Kota',NULL,'',NULL,NULL,22200000,'','BIS','2017-10-25 16:00:00','172.16.152.43',0),(71,'524119','DKT','2017','Belanja Perjalanan Dinas Paket Meeting Luar Kota',NULL,'',NULL,NULL,54570000,'','BIS','2017-10-25 16:00:00','172.16.152.43',0);

/*Table structure for table `rkk4l_d1p4_p3n4r1k4n` */

DROP TABLE IF EXISTS `rkk4l_d1p4_p3n4r1k4n`;

CREATE TABLE `rkk4l_d1p4_p3n4r1k4n` (
  `id_rkkal` int(3) NOT NULL DEFAULT '0',
  `kd_apbn` varchar(20) NOT NULL DEFAULT '-',
  `kd_subdir` char(3) NOT NULL DEFAULT '-',
  `thn_anggaran` varchar(15) NOT NULL DEFAULT '-',
  `uraian_kegiatan` text NOT NULL,
  `anggaran` bigint(20) NOT NULL DEFAULT '0',
  `n01` bigint(20) NOT NULL DEFAULT '0',
  `n02` bigint(20) NOT NULL DEFAULT '0',
  `n03` bigint(20) NOT NULL DEFAULT '0',
  `n04` bigint(20) NOT NULL DEFAULT '0',
  `n05` bigint(20) NOT NULL DEFAULT '0',
  `n06` bigint(20) NOT NULL DEFAULT '0',
  `n07` bigint(20) NOT NULL DEFAULT '0',
  `n08` bigint(20) NOT NULL DEFAULT '0',
  `n09` bigint(20) NOT NULL DEFAULT '0',
  `n10` bigint(20) NOT NULL DEFAULT '0',
  `n11` bigint(20) NOT NULL DEFAULT '0',
  `n12` bigint(20) NOT NULL DEFAULT '0',
  `id_user` char(11) NOT NULL DEFAULT '0',
  `wkt_input` datetime NOT NULL DEFAULT '0000-00-00 00:00:00',
  `ip_input` varchar(20) NOT NULL DEFAULT ':::1',
  `revisi` int(3) NOT NULL DEFAULT '0',
  PRIMARY KEY (`id_rkkal`,`kd_subdir`,`thn_anggaran`)
) ENGINE=InnoDB DEFAULT CHARSET=utf8;

/*Data for the table `rkk4l_d1p4_p3n4r1k4n` */

insert  into `rkk4l_d1p4_p3n4r1k4n`(`id_rkkal`,`kd_apbn`,`kd_subdir`,`thn_anggaran`,`uraian_kegiatan`,`anggaran`,`n01`,`n02`,`n03`,`n04`,`n05`,`n06`,`n07`,`n08`,`n09`,`n10`,`n11`,`n12`,`id_user`,`wkt_input`,`ip_input`,`revisi`) values (1,'057','DKA','2017','Pembinaan dan Pengawasan Pealaksanaan Labelisasi Taanda Hemat Energi pada Rumah Tangga',1068516000,1000500,5,0,0,0,0,0,0,0,0,0,0,'admin','0000-00-00 00:00:00','::1',0),(1,'010.054','DKE','2017','Penyiaapan Insentif Efisiensi Energi',337925000,800000,0,0,0,0,0,0,0,0,0,0,0,'admin','0000-00-00 00:00:00','::1',0),(1,'012.051','DKK','2017','Sosialisasi Program Konservasi Energi di Sekolah Dasar',2100000000,0,0,0,0,0,0,0,0,0,0,0,0,'admin','0000-00-00 00:00:00','::1',0),(1,'009.051','DKP','2017','Penyusunan Draft Regulasi Konservasi Energi (Draft Revisi PP 70/2009)',731006000,1000000,500000,0,0,0,0,0,0,0,0,0,0,'admin','0000-00-00 00:00:00','::1',0),(1,'009.052','DKT','2017','Penyusunan Draft SKEM dan Pembubuhan Label Tanda Hemat Energi',710906000,0,0,0,0,0,0,0,0,0,0,0,0,'admin','0000-00-00 00:00:00','::1',0),(2,'521211','DKA','2017','Belanja Bahan',35650000,0,0,0,0,0,0,0,0,0,0,0,0,'admin','0000-00-00 00:00:00','::1',0),(2,'521211','DKE','2017','Belanja Bahan',14031000,0,0,0,0,0,0,0,0,0,0,0,0,'admin','0000-00-00 00:00:00','::1',0),(2,'522191','DKK','2017','Belanja Jasa Lainnya',2100000000,0,0,0,0,0,0,0,0,0,0,0,0,'admin','0000-00-00 00:00:00','::1',0),(2,'521211','DKP','2017','Belanja Bahan',23650000,0,0,0,0,0,0,0,0,0,0,0,0,'admin','0000-00-00 00:00:00','::1',0),(2,'521211','DKT','2017','Belanja Bahan',19028000,0,0,0,0,0,0,0,0,0,0,0,0,'admin','0000-00-00 00:00:00','::1',0),(3,'','DKA','2017','- Konsumsi Rapat',20400000,0,0,0,0,0,0,0,0,0,0,0,0,'admin','0000-00-00 00:00:00','::1',0),(3,'','DKE','2017','- Konsumsi Rapat',11520000,0,0,0,0,0,0,0,0,0,0,0,0,'admin','0000-00-00 00:00:00','::1',0),(3,'052','DKK','2017','Pelaksanaan Bimbingan Teknis dan Penyuluhan Konservasi Energi',2609756000,0,0,0,0,0,0,0,0,0,0,0,0,'admin','0000-00-00 00:00:00','::1',0),(3,'','DKP','2017','Konsumsi Rapat',0,0,0,0,0,0,0,0,0,0,0,0,0,'admin','0000-00-00 00:00:00','::1',0),(3,'','DKT','2017','- Fotokopi, bahan rapat, pencetakan, penjilidan',1748000,0,0,0,0,0,0,0,0,0,0,0,0,'admin','0000-00-00 00:00:00','::1',0),(4,'','DKA','2017','- Penggandaan Materi dan Pembuatan Laporan , Foto Copy, Penjilidan',15250000,0,0,0,0,0,0,0,0,0,0,0,0,'admin','0000-00-00 00:00:00','::1',0),(4,'','DKE','2017','- Biaya Pencetakan Laporan Akhir',2511000,0,0,0,0,0,0,0,0,0,0,0,0,'admin','0000-00-00 00:00:00','::1',0),(4,'521211','DKK','2017','Belanja Bahan',306380000,0,0,0,0,0,0,0,0,0,0,0,0,'admin','0000-00-00 00:00:00','::1',0),(4,'521213','DKP','2017','Honor Output Kegiatan',353500000,0,0,0,0,0,0,0,0,0,0,0,0,'admin','0000-00-00 00:00:00','::1',0),(4,'','DKT','2017','- Konsumsi Rapat',17280000,0,0,0,0,0,0,0,0,0,0,0,0,'admin','0000-00-00 00:00:00','::1',0),(5,'521213','DKA','2017','Honor Output Kegiatan',152500000,0,0,0,0,0,0,0,0,0,0,0,0,'admin','0000-00-00 00:00:00','::1',0),(5,'521213','DKE','2017','Honor Output Kegiatan',157000000,0,0,0,0,0,0,0,0,0,0,0,0,'admin','0000-00-00 00:00:00','::1',0),(5,'','DKK','2017','- Konsumsi Rapat',5850000,0,0,0,0,0,0,0,0,0,0,0,0,'admin','0000-00-00 00:00:00','::1',0),(5,'521811','DKP','2017','Belanja Barang Untuk Persediaan Barang konsumsi',9480000,0,0,0,0,0,0,0,0,0,0,0,0,'admin','0000-00-00 00:00:00','::1',0),(5,'521213','DKT','2017','Honor Output Kegiatan',341000000,0,0,0,0,0,0,0,0,0,0,0,0,'admin','0000-00-00 00:00:00','::1',0),(6,'521219','DKA','2017','Belanja Barang Non Operasional Lainnya',50000000,0,0,0,0,0,0,0,0,0,0,0,0,'admin','0000-00-00 00:00:00','::1',0),(6,'521811 ','DKE','2017','Belanja Barang Untuk Persediaan Barang konsumsi',9075000,0,0,0,0,0,0,0,0,0,0,0,0,'admin','0000-00-00 00:00:00','::1',0),(6,'','DKK','2017','- Penggandaan Materi , Pencetakan, dan Penjilidan Laporan',300530000,0,0,0,0,0,0,0,0,0,0,0,0,'admin','0000-00-00 00:00:00','::1',0),(6,'522151','DKP','2017','Belanja Jasa Profesi',242700000,0,0,0,0,0,0,0,0,0,0,0,0,'admin','0000-00-00 00:00:00','::1',0),(6,'521219','DKT','2017','Belanja Barang Non Operasional Lainnya',10000000,0,0,0,0,0,0,0,0,0,0,0,0,'admin','0000-00-00 00:00:00','::1',0),(7,'521811 ','DKA','2017','Belanja Barang Untuk Persediaan Barang konsumsi',8895000,0,0,0,0,0,0,0,0,0,0,0,0,'admin','0000-00-00 00:00:00','::1',0),(7,'522151','DKE','2017','Belanja Jasa Profesi',39600000,0,0,0,0,0,0,0,0,0,0,0,0,'admin','0000-00-00 00:00:00','::1',0),(7,'521213','DKK','2017','Honor Output Kegiatan',186500000,0,0,0,0,0,0,0,0,0,0,0,0,'admin','0000-00-00 00:00:00','::1',0),(7,'524111','DKP','2017','Belanja Perjalanan Biasa',41546000,0,0,0,0,0,0,0,0,0,0,0,0,'admin','0000-00-00 00:00:00','::1',0),(7,'521811 ','DKT','2017','Belanja Barang Untuk Persediaan Barang konsumsi',9937000,0,0,0,0,0,0,0,0,0,0,0,0,'admin','0000-00-00 00:00:00','::1',0),(8,'522141','DKA','2017','Belanja Sewa ',15682000,0,0,0,0,0,0,0,0,0,0,0,0,'admin','0000-00-00 00:00:00','::1',0),(8,'524111','DKE','2017','Belanja Perjalanan Biasa',115219000,0,0,0,0,0,0,0,0,0,0,0,0,'admin','0000-00-00 00:00:00','::1',0),(8,'521811 ','DKK','2017','Belanja Barang Untuk Persediaan Barang konsumsi',9000000,0,0,0,0,0,0,0,0,0,0,0,0,'admin','0000-00-00 00:00:00','::1',0),(8,'524119','DKP','2017','Belanja Perjalanan Dinas Paket Meeting Luar Kota',60130000,0,0,0,0,0,0,0,0,0,0,0,0,'admin','0000-00-00 00:00:00','::1',0),(8,'522151','DKT','2017','Belanja Jasa Profesi',79200000,0,0,0,0,0,0,0,0,0,0,0,0,'admin','0000-00-00 00:00:00','::1',0),(9,'522151','DKA','2017','Belanja Jasa Profesi',98600000,0,0,0,0,0,0,0,0,0,0,0,0,'admin','0000-00-00 00:00:00','::1',0),(9,'524114','DKE','2017','Belanja Perjalanan Dinas Paket Meeting Dalam Kota',3000000,0,0,0,0,0,0,0,0,0,0,0,0,'admin','0000-00-00 00:00:00','::1',0),(9,'522151','DKK','2017','Belanja Jasa Profesi',367200000,0,0,0,0,0,0,0,0,0,0,0,0,'admin','0000-00-00 00:00:00','::1',0),(9,'010. 051','DKP','2017','Koordinasi dan Konsultasi Dalam Rangka Percepatan Penerapan Konservasi Energi',1200163000,0,0,0,0,0,0,0,0,0,0,0,0,'admin','0000-00-00 00:00:00','::1',0),(9,'522191','DKT','2017','Belanjan Jasa lainnya',30000000,0,0,0,0,0,0,0,0,0,0,0,0,'admin','0000-00-00 00:00:00','::1',0),(10,'522191','DKA','2017','Belanja Jasa Lainnya',287831000,0,0,0,0,0,0,0,0,0,0,0,0,'admin','0000-00-00 00:00:00','::1',0),(10,'055','DKE','2017','Penyiapan Investasi Efisiensi Energi Sektor Industri dan Bangunan ',522450000,0,0,0,0,0,0,0,0,0,0,0,0,'admin','0000-00-00 00:00:00','::1',0),(10,'522191','DKK','2017','Belanja Jasa Lainnya',360416000,0,0,0,0,0,0,0,0,0,0,0,0,'admin','0000-00-00 00:00:00','::1',0),(10,'521211','DKP','2017','Belanja Bahan',31320000,0,0,0,0,0,0,0,0,0,0,0,0,'admin','0000-00-00 00:00:00','::1',0),(10,'524111','DKT','2017','Belanja Perjalanan Biasa',67936000,0,0,0,0,0,0,0,0,0,0,0,0,'admin','0000-00-00 00:00:00','::1',0),(11,'524111','DKA','2017','Belanja Perjalanan Biasa',201438000,0,0,0,0,0,0,0,0,0,0,0,0,'admin','0000-00-00 00:00:00','::1',0),(11,'521211','DKE','2017','Belanja Bahan',7168000,0,0,0,0,0,0,0,0,0,0,0,0,'admin','0000-00-00 00:00:00','::1',0),(11,'524111','DKK','2017','Belanja Perjalanan Biasa',180000000,0,0,0,0,0,0,0,0,0,0,0,0,'admin','0000-00-00 00:00:00','::1',0),(11,'','DKP','2017','- Penggandaan dan Penjilidan dokumen  rapat, dan Laporan',15000000,0,0,0,0,0,0,0,0,0,0,0,0,'admin','0000-00-00 00:00:00','::1',0),(11,'524113','DKT','2017','Belanja Perjalanan Dinas Dalam Kota',4200000,0,0,0,0,0,0,0,0,0,0,0,0,'admin','0000-00-00 00:00:00','::1',0),(12,'524114','DKA','2017','Belanja Perjalanan Dinas Paket Meeting Dalam Kota',26250000,0,0,0,0,0,0,0,0,0,0,0,0,'admin','0000-00-00 00:00:00','::1',0),(12,'','DKE','2017','Konsumsi Rapat',0,0,0,0,0,0,0,0,0,0,0,0,0,'admin','0000-00-00 00:00:00','::1',0),(12,'524113','DKK','2017','Belanja Perjalanan Dinas dalam Kota',9000000,0,0,0,0,0,0,0,0,0,0,0,0,'admin','0000-00-00 00:00:00','::1',0),(12,'','DKP','2017','- Konsumsi Rapat',16320000,0,0,0,0,0,0,0,0,0,0,0,0,'admin','0000-00-00 00:00:00','::1',0),(12,'524114','DKT','2017','Belanja Perjalanan Dinas Paket Meeting Dalam Kota',28000000,0,0,0,0,0,0,0,0,0,0,0,0,'admin','0000-00-00 00:00:00','::1',0),(13,'524119','DKA','2017','Belanja Perjalanan Dinas Paket Meeting Luar Kota',191670000,0,0,0,0,0,0,0,0,0,0,0,0,'admin','0000-00-00 00:00:00','::1',0),(13,'521213','DKE','2017','Honor Output Kegiatan',152500000,0,0,0,0,0,0,0,0,0,0,0,0,'admin','0000-00-00 00:00:00','::1',0),(13,'524119','DKK','2017','Belanja Perjalanan Dinas Paket Meeting Luar Kota',1191260000,0,0,0,0,0,0,0,0,0,0,0,0,'admin','0000-00-00 00:00:00','::1',0),(13,'521213','DKP','2017','Honor Output Kegiatan',353500000,0,0,0,0,0,0,0,0,0,0,0,0,'admin','0000-00-00 00:00:00','::1',0),(13,'524119','DKT','2017','Belanja Perjalanan Dinas Paket Meeting Luar Kota',121605000,0,0,0,0,0,0,0,0,0,0,0,0,'admin','0000-00-00 00:00:00','::1',0),(14,'059','DKA','2017','Pemantauan dan Evaluasi Pelaksanaan Penghematan Energi di Instansi Pemerintah',981346000,0,0,0,0,0,0,0,0,0,0,0,0,'admin','0000-00-00 00:00:00','::1',0),(14,'521811 ','DKE','2017','Belanja Barang Untuk Persediaan Barang konsumsi',9870000,0,0,0,0,0,0,0,0,0,0,0,0,'admin','0000-00-00 00:00:00','::1',0),(14,'053','DKK','2017','Publikasi Konservasi Energi Pada Masyarakat Umum',20234650000,0,0,0,0,0,0,0,0,0,0,0,0,'admin','0000-00-00 00:00:00','::1',0),(14,'521811 ','DKP','2017','Belanja Barang Untuk Persediaan Barang konsumsi',8409000,0,0,0,0,0,0,0,0,0,0,0,0,'admin','0000-00-00 00:00:00','::1',0),(14,'053','DKT','2017','Penyusunan Draft SNI di Bidang  Konservasi Energi',390040000,0,0,0,0,0,0,0,0,0,0,0,0,'admin','0000-00-00 00:00:00','::1',0),(15,'521211','DKA','2017','Belanja Bahan',45600000,0,0,0,0,0,0,0,0,0,0,0,0,'admin','0000-00-00 00:00:00','::1',0),(15,'522131','DKE','2017','Belanja Jasa Konsultan (Tenaga Ahli Ekonomi)',80000000,0,0,0,0,0,0,0,0,0,0,0,0,'admin','0000-00-00 00:00:00','::1',0),(15,'521211','DKK','2017','Belanja Bahan',152750000,0,0,0,0,0,0,0,0,0,0,0,0,'admin','0000-00-00 00:00:00','::1',0),(15,'522141','DKP','2017','Belanja Sewa (Sewa kendaraan Roda Empat)',7508000,0,0,0,0,0,0,0,0,0,0,0,0,'admin','0000-00-00 00:00:00','::1',0),(15,'521211','DKT','2017','Belanja Bahan',26043000,0,0,0,0,0,0,0,0,0,0,0,0,'admin','0000-00-00 00:00:00','::1',0),(16,'','DKA','2017','- Konsumsi Rapat',30600000,0,0,0,0,0,0,0,0,0,0,0,0,'admin','0000-00-00 00:00:00','::1',0),(16,'522151','DKE','2017','Belanja Jasa Profesi',56000000,0,0,0,0,0,0,0,0,0,0,0,0,'admin','0000-00-00 00:00:00','::1',0),(16,'','DKK','2017','- Konsumsi Rapat',9750000,0,0,0,0,0,0,0,0,0,0,0,0,'admin','0000-00-00 00:00:00','::1',0),(16,'522151','DKP','2017','Belanja Jasa Profesi',173000000,0,0,0,0,0,0,0,0,0,0,0,0,'admin','0000-00-00 00:00:00','::1',0),(16,'','DKT','2017','- Fotokopi, bahan rapat, pencetakan, penjilidan',3003000,0,0,0,0,0,0,0,0,0,0,0,0,'admin','0000-00-00 00:00:00','::1',0),(17,'','DKA','2017','- Penggandaan Materi dan Pembuatan Laporan , Foto Copy, Penjilidan',15000000,0,0,0,0,0,0,0,0,0,0,0,0,'admin','0000-00-00 00:00:00','::1',0),(17,'524111','DKE','2017','Belanja Perjalanan Biasa',48512000,0,0,0,0,0,0,0,0,0,0,0,0,'admin','0000-00-00 00:00:00','::1',0),(17,'','DKK','2017','- Penggandaan, Pencetakan, Pembelian Bahan SNI dan Penjilidan Laporan',143000000,0,0,0,0,0,0,0,0,0,0,0,0,'admin','0000-00-00 00:00:00','::1',0),(17,'524111','DKP','2017','Belanja Perjalanan Biasa',230126000,0,0,0,0,0,0,0,0,0,0,0,0,'admin','0000-00-00 00:00:00','::1',0),(17,'','DKT','2017','- Konsumsi Rapat',23040000,0,0,0,0,0,0,0,0,0,0,0,0,'admin','0000-00-00 00:00:00','::1',0),(18,'521213','DKA','2017','Honor Output Kegiatan',357600000,0,0,0,0,0,0,0,0,0,0,0,0,'admin','0000-00-00 00:00:00','::1',0),(18,'524114','DKE','2017','Belanja Perjalanan Dinas Paket Meeting Dalam Kota',78000000,0,0,0,0,0,0,0,0,0,0,0,0,'admin','0000-00-00 00:00:00','::1',0),(18,'521213','DKK','2017','Honor Output Kegiatan',157000000,0,0,0,0,0,0,0,0,0,0,0,0,'admin','0000-00-00 00:00:00','::1',0),(18,'524113','DKP','2017','Belanja Perjalanan Dinas Dalam Kota',9000000,0,0,0,0,0,0,0,0,0,0,0,0,'admin','0000-00-00 00:00:00','::1',0),(18,'521213','DKT','2017','Honor Output Kegiatan',142500000,0,0,0,0,0,0,0,0,0,0,0,0,'admin','0000-00-00 00:00:00','::1',0),(19,'521811 ','DKA','2017','Belanja Barang Untuk Persediaan Barang konsumsi',9944000,0,0,0,0,0,0,0,0,0,0,0,0,'admin','0000-00-00 00:00:00','::1',0),(19,'524119','DKE','2017','Belanja Perjalanan Dinas Paket Meeting Luar Kota',90400000,0,0,0,0,0,0,0,0,0,0,0,0,'admin','0000-00-00 00:00:00','::1',0),(19,'521811 ','DKK','2017','Belanja Barang Untuk Persediaan Barang konsumsi',9000000,0,0,0,0,0,0,0,0,0,0,0,0,'admin','0000-00-00 00:00:00','::1',0),(19,'524114','DKP','2017','Belanja Perjalanan Dinas Paket Meeting Dalam Kota',82880000,0,0,0,0,0,0,0,0,0,0,0,0,'admin','0000-00-00 00:00:00','::1',0),(19,'521811 ','DKT','2017','Belanja Barang Untuk Persediaan Barang konsumsi',7423000,0,0,0,0,0,0,0,0,0,0,0,0,'admin','0000-00-00 00:00:00','::1',0),(20,'522141','DKA','2017','Belanja Sewa ',15144000,0,0,0,0,0,0,0,0,0,0,0,0,'admin','0000-00-00 00:00:00','::1',0),(20,'056','DKE','2017','Penyusunan PedomanPembiayaan Investasi Efisienssi Energi',421180000,0,0,0,0,0,0,0,0,0,0,0,0,'admin','0000-00-00 00:00:00','::1',0),(20,'522131','DKK','2017','Belanja Jasa Konsultan (Duta Konservasi Energi)',120000000,0,0,0,0,0,0,0,0,0,0,0,0,'admin','0000-00-00 00:00:00','::1',0),(20,'524119','DKP','2017','Belanja Perjalanan Dinas Paket Meeting Luar Kota',304420000,0,0,0,0,0,0,0,0,0,0,0,0,'admin','0000-00-00 00:00:00','::1',0),(20,'522151','DKT','2017','Belanja Jasa Profesi',72000000,0,0,0,0,0,0,0,0,0,0,0,0,'admin','0000-00-00 00:00:00','::1',0),(21,'522151','DKA','2017','Belanja Jasa Profesi',102600000,0,0,0,0,0,0,0,0,0,0,0,0,'admin','0000-00-00 00:00:00','::1',0),(21,'521211','DKE','2017','Belanja Bahan',25600000,0,0,0,0,0,0,0,0,0,0,0,0,'admin','0000-00-00 00:00:00','::1',0),(21,'522191','DKK','2017','Belanja Jasa Lainnya',19506900000,0,0,0,0,0,0,0,0,0,0,0,0,'admin','0000-00-00 00:00:00','::1',0),(21,'052','DKP','2017','Penyusunan Data dan Informasi Konservasi Energi',3083546000,0,0,0,0,0,0,0,0,0,0,0,0,'admin','0000-00-00 00:00:00','::1',0),(21,'524111','DKT','2017','Belanja Perjalanan Biasa',50833000,0,0,0,0,0,0,0,0,0,0,0,0,'admin','0000-00-00 00:00:00','::1',0),(22,'522191','DKA','2017','Belanja Jasa Lainnya',38699000,0,0,0,0,0,0,0,0,0,0,0,0,'admin','0000-00-00 00:00:00','::1',0),(22,'','DKE','2017','Konsumsi Rapat',0,0,0,0,0,0,0,0,0,0,0,0,0,'admin','0000-00-00 00:00:00','::1',0),(22,'524111','DKK','2017','Belanja Perjalanan Biasa',280000000,0,0,0,0,0,0,0,0,0,0,0,0,'admin','0000-00-00 00:00:00','::1',0),(22,'521211','DKP','2017','Belanja Bahan',263240000,0,0,0,0,0,0,0,0,0,0,0,0,'admin','0000-00-00 00:00:00','::1',0),(22,'524113','DKT','2017','Belanja Perjalanan Dinas Dalam Kota',3750000,0,0,0,0,0,0,0,0,0,0,0,0,'admin','0000-00-00 00:00:00','::1',0),(23,'524111','DKA','2017','Belanja Perjalanan Biasa',195452000,0,0,0,0,0,0,0,0,0,0,0,0,'admin','0000-00-00 00:00:00','::1',0),(23,'521213','DKE','2017','Honor Output Kegiatan',152500000,0,0,0,0,0,0,0,0,0,0,0,0,'admin','0000-00-00 00:00:00','::1',0),(23,'524113','DKK','2017','Belanja Perjalanan Dinas dalam Kota',9000000,0,0,0,0,0,0,0,0,0,0,0,0,'admin','0000-00-00 00:00:00','::1',0),(23,'','DKP','2017','- Penggandaan dan Penjilidan dokumen  rapat, dan Laporan dan pencetakan buku',251000000,0,0,0,0,0,0,0,0,0,0,0,0,'admin','0000-00-00 00:00:00','::1',0),(23,'524114','DKT','2017','Belanja Perjalanan Dinas Paket Meeting Dalam Kota',22200000,0,0,0,0,0,0,0,0,0,0,0,0,'admin','0000-00-00 00:00:00','::1',0),(24,'524114','DKA','2017','Belanja Perjalanan Dinas Paket Meeting Dalam Kota',28000000,0,0,0,0,0,0,0,0,0,0,0,0,'admin','0000-00-00 00:00:00','::1',0),(24,'521811 ','DKE','2017','Belanja Barang Untuk Persediaan Barang konsumsi',8489000,0,0,0,0,0,0,0,0,0,0,0,0,'admin','0000-00-00 00:00:00','::1',0),(24,'054','DKK','2017','Penyelenggaraan Lomba Hemat Energi di Sekolah Untuk SMP dan SMA',4110000000,0,0,0,0,0,0,0,0,0,0,0,0,'admin','0000-00-00 00:00:00','::1',0),(24,'','DKP','2017','- Konsumsi Rapat',12240000,0,0,0,0,0,0,0,0,0,0,0,0,'admin','0000-00-00 00:00:00','::1',0),(24,'524119','DKT','2017','Belanja Perjalanan Dinas Paket Meeting Luar Kota',65291000,0,0,0,0,0,0,0,0,0,0,0,0,'admin','0000-00-00 00:00:00','::1',0),(25,'524119','DKA','2017','Belanja Perjalanan Dinas Paket Meeting Luar Kota',188307000,0,0,0,0,0,0,0,0,0,0,0,0,'admin','0000-00-00 00:00:00','::1',0),(25,'522151','DKE','2017','Belanja Jasa Profesi',52500000,0,0,0,0,0,0,0,0,0,0,0,0,'admin','0000-00-00 00:00:00','::1',0),(25,'522191','DKK','2017','Belanja Jasa Lainnya',0,0,0,0,0,0,0,0,0,0,0,0,0,'admin','0000-00-00 00:00:00','::1',0),(25,'521213','DKP','2017','Honor Output Kegiatan',152500000,0,0,0,0,0,0,0,0,0,0,0,0,'admin','0000-00-00 00:00:00','::1',0),(25,'054','DKT','2017','Penyusunan Draft Perpres Penerapan Building Energy Management System Secara Wajib di Bangunan Gedung Pemerintah',377902000,0,0,0,0,0,0,0,0,0,0,0,0,'admin','0000-00-00 00:00:00','::1',0),(26,'060','DKA','2017','Pelaksanaan Audit Energi di Bangunan Gedung Pemerintah',0,0,0,0,0,0,0,0,0,0,0,0,0,'admin','0000-00-00 00:00:00','::1',0),(26,'522191','DKE','2017','Belanja Jasa Lainnya',10000000,0,0,0,0,0,0,0,0,0,0,0,0,'admin','0000-00-00 00:00:00','::1',0),(26,'','DKK','2017','Lomba Hemat Energi di Rumah dan Sekolah untuk SMP dan SMA',4110000000,0,0,0,0,0,0,0,0,0,0,0,0,'admin','0000-00-00 00:00:00','::1',0),(26,'521811 ','DKP','2017','Belanja Barang Untuk Persediaan Barang konsumsi',8075000,0,0,0,0,0,0,0,0,0,0,0,0,'admin','0000-00-00 00:00:00','::1',0),(26,'521211','DKT','2017','Belanja Bahan',25160000,0,0,0,0,0,0,0,0,0,0,0,0,'admin','0000-00-00 00:00:00','::1',0),(27,'522131','DKA','2017','Belanja Jasa Konsultan',940555000,0,0,0,0,0,0,0,0,0,0,0,0,'admin','0000-00-00 00:00:00','::1',0),(27,'524111','DKE','2017','Belanja Perjalanan Biasa',25813000,0,0,0,0,0,0,0,0,0,0,0,0,'admin','0000-00-00 00:00:00','::1',0),(27,'055','DKK','2017','Pelaksanaan Kerjasama Bidang Konservasi Energi',3334916000,0,0,0,0,0,0,0,0,0,0,0,0,'admin','0000-00-00 00:00:00','::1',0),(27,'522131','DKP','2017','Belanja Jasa Konsultan (Penyusunan Data dan Informasi Konservasi Energi di Sektor Bangunan Gedung Komersial)',2500000000,0,0,0,0,0,0,0,0,0,0,0,0,'admin','0000-00-00 00:00:00','::1',0),(27,'','DKT','2017','- Fotokopi, bahan rapat, pencetakan, penjilidan',2120000,0,0,0,0,0,0,0,0,0,0,0,0,'admin','0000-00-00 00:00:00','::1',0),(28,'','DKA','2017','Audit Energi di Bangunan Gedung Pemerintah',0,0,0,0,0,0,0,0,0,0,0,0,0,'admin','0000-00-00 00:00:00','::1',0),(28,'524113','DKE','2017','Belanja Perjalanan Dinas dalam Kota',2800000,0,0,0,0,0,0,0,0,0,0,0,0,'admin','0000-00-00 00:00:00','::1',0),(28,'521211','DKK','2017','Belanja Bahan',141600000,0,0,0,0,0,0,0,0,0,0,0,0,'admin','0000-00-00 00:00:00','::1',0),(28,'524111','DKP','2017','Belanja Perjalanan Biasa',70986000,0,0,0,0,0,0,0,0,0,0,0,0,'admin','0000-00-00 00:00:00','::1',0),(28,'','DKT','2017','- Konsumsi Rapat',23040000,0,0,0,0,0,0,0,0,0,0,0,0,'admin','0000-00-00 00:00:00','::1',0),(29,'061','DKA','2017','Pembinaan dan Pengawasan Manajemen Energi di Industri dan Bangunan Gedung',2093521000,0,0,0,0,0,0,0,0,0,0,0,0,'admin','0000-00-00 00:00:00','::1',0),(29,'524114','DKE','2017','Belanja Perjalanan Dinas Paket Meeting Dalam Kota',32000000,0,0,0,0,0,0,0,0,0,0,0,0,'admin','0000-00-00 00:00:00','::1',0),(29,'','DKK','2017','- Konsumsi Rapat',15600000,0,0,0,0,0,0,0,0,0,0,0,0,'admin','0000-00-00 00:00:00','::1',0),(29,'524119','DKP','2017','Belanja Perjalanan Dinas Paket Meeting Luar Kota',88745000,0,0,0,0,0,0,0,0,0,0,0,0,'admin','0000-00-00 00:00:00','::1',0),(29,'521213','DKT','2017','Honor Output Kegiatan',142500000,0,0,0,0,0,0,0,0,0,0,0,0,'admin','0000-00-00 00:00:00','::1',0),(30,'521211','DKA','2017','Belanja Bahan',72275000,0,0,0,0,0,0,0,0,0,0,0,0,'admin','0000-00-00 00:00:00','::1',0),(30,'524119','DKE','2017','Belanja Perjalanan Dinas Paket Meeting Luar Kota',111478000,0,0,0,0,0,0,0,0,0,0,0,0,'admin','0000-00-00 00:00:00','::1',0),(30,'','DKK','2017','- Penggandaan Materi Workshop dan Penjilidan Laporan',126000000,0,0,0,0,0,0,0,0,0,0,0,0,'admin','0000-00-00 00:00:00','::1',0),(30,'053','DKP','2017','Pelaksanaan Market Survay Peralatan Hemat Energi di Sektor Rumah Tangga',1321385000,0,0,0,0,0,0,0,0,0,0,0,0,'admin','0000-00-00 00:00:00','::1',0),(30,'521811 ','DKT','2017','Belanja Barang Untuk Persediaan Barang konsumsi',9281000,0,0,0,0,0,0,0,0,0,0,0,0,'admin','0000-00-00 00:00:00','::1',0),(31,'','DKA','2017','- Konsumsi Rapat',20400000,0,0,0,0,0,0,0,0,0,0,0,0,'admin','0000-00-00 00:00:00','::1',0),(31,'058','DKE','2017','Pelaksanaan Investment Grade Energi Audit',0,0,0,0,0,0,0,0,0,0,0,0,0,'admin','0000-00-00 00:00:00','::1',0),(31,'521213','DKK','2017','Honor Output Kegiatan',157000000,0,0,0,0,0,0,0,0,0,0,0,0,'admin','0000-00-00 00:00:00','::1',0),(31,'521211','DKP','2017','Belanja Bahan',10660000,0,0,0,0,0,0,0,0,0,0,0,0,'admin','0000-00-00 00:00:00','::1',0),(31,'522151','DKT','2017','Belanja Jasa Profesi',43200000,0,0,0,0,0,0,0,0,0,0,0,0,'admin','0000-00-00 00:00:00','::1',0),(32,'','DKA','2017','- Penggandaan Materi dan Pembuatan Laporan , Foto Copy, Penjilidan',51875000,0,0,0,0,0,0,0,0,0,0,0,0,'admin','0000-00-00 00:00:00','::1',0),(32,'522131','DKE','2017','Belanja Jasa Konsultan',2400091000,0,0,0,0,0,0,0,0,0,0,0,0,'admin','0000-00-00 00:00:00','::1',0),(32,'521811 ','DKK','2017','Belanja Barang Untuk Persediaan Barang konsumsi',9000000,0,0,0,0,0,0,0,0,0,0,0,0,'admin','0000-00-00 00:00:00','::1',0),(32,'','DKP','2017','- Penggandaan dan Penjilidan dokumen  rapat, dan Laporan dan pencetakan buku',2500000,0,0,0,0,0,0,0,0,0,0,0,0,'admin','0000-00-00 00:00:00','::1',0),(32,'524111','DKT','2017','Belanja Perjalanan Biasa',74532000,0,0,0,0,0,0,0,0,0,0,0,0,'admin','0000-00-00 00:00:00','::1',0),(33,'521213','DKA','2017','Honor Output Kegiatan',152500000,0,0,0,0,0,0,0,0,0,0,0,0,'admin','0000-00-00 00:00:00','::1',0),(33,'','DKE','2017','- Belanja Konsultan IGA Sektor Industri',1200091000,0,0,0,0,0,0,0,0,0,0,0,0,'admin','0000-00-00 00:00:00','::1',0),(33,'522151','DKK','2017','Belanja Jasa Profesi',254000000,0,0,0,0,0,0,0,0,0,0,0,0,'admin','0000-00-00 00:00:00','::1',0),(33,'','DKP','2017','- Konsumsi Rapat',8160000,0,0,0,0,0,0,0,0,0,0,0,0,'admin','0000-00-00 00:00:00','::1',0),(33,'524113','DKT','2017','Belanja Perjalanan Dinas Dalam Kota',6150000,0,0,0,0,0,0,0,0,0,0,0,0,'admin','0000-00-00 00:00:00','::1',0),(34,'521811 ','DKA','2017','Belanja Barang Untuk Persediaan Barang konsumsi',7933000,0,0,0,0,0,0,0,0,0,0,0,0,'admin','0000-00-00 00:00:00','::1',0),(34,'','DKE','2017','- Belanja Konsultan IGA Sektor Bangunan Gedung',1200000000,0,0,0,0,0,0,0,0,0,0,0,0,'admin','0000-00-00 00:00:00','::1',0),(34,'522191','DKK','2017','Belanja Jasa Lainnya',305116000,0,0,0,0,0,0,0,0,0,0,0,0,'admin','0000-00-00 00:00:00','::1',0),(34,'521213','DKP','2017','Honor Output Kegiatan',152500000,0,0,0,0,0,0,0,0,0,0,0,0,'admin','0000-00-00 00:00:00','::1',0),(34,'524114','DKT','2017','Belanja Perjalanan Dinas Paket Meeting Dalam Kota',14800000,0,0,0,0,0,0,0,0,0,0,0,0,'admin','0000-00-00 00:00:00','::1',0),(35,'522141','DKA','2017','Belanja Sewa ',15682000,0,0,0,0,0,0,0,0,0,0,0,0,'admin','0000-00-00 00:00:00','::1',0),(35,'063','DKE','2017','Capacity Building Efficeincy Energy Untuk Lembaga Keuangan',285927000,0,0,0,0,0,0,0,0,0,0,0,0,'admin','0000-00-00 00:00:00','::1',0),(35,'524111','DKK','2017','Belanja Perjalanan Biasa',200000000,0,0,0,0,0,0,0,0,0,0,0,0,'admin','0000-00-00 00:00:00','::1',0),(35,'521811 ','DKP','2017','Belanja Barang Untuk Persediaan Barang konsumsi',8334000,0,0,0,0,0,0,0,0,0,0,0,0,'admin','0000-00-00 00:00:00','::1',0),(35,'524119','DKT','2017','Belanja Perjalanan Dinas Paket Meeting Luar Kota',62279000,0,0,0,0,0,0,0,0,0,0,0,0,'admin','0000-00-00 00:00:00','::1',0),(36,'522151','DKA','2017','Belanja Jasa Profesi',434300000,0,0,0,0,0,0,0,0,0,0,0,0,'admin','0000-00-00 00:00:00','::1',0),(36,'521211','DKE','2017','Belanja Bahan',21120000,0,0,0,0,0,0,0,0,0,0,0,0,'admin','0000-00-00 00:00:00','::1',0),(36,'524113','DKK','2017','Belanja Perjalanan Dinas dalam Kota',30000000,0,0,0,0,0,0,0,0,0,0,0,0,'admin','0000-00-00 00:00:00','::1',0),(36,'522131','DKP','2017','Belanja Jasa Konsultan (Penyusunan Data dan Informasi Konservasi Energi di Sektor Bangunan Gedung Komersial)',970000000,0,0,0,0,0,0,0,0,0,0,0,0,'admin','0000-00-00 00:00:00','::1',0),(36,'055','DKT','2017','Penyusunan Draft SNI Konservasi Energi pada Bangunan Gedung',360349000,0,0,0,0,0,0,0,0,0,0,0,0,'admin','0000-00-00 00:00:00','::1',0),(37,'522191','DKA','2017','Belanja Jasa Lainnya',141840000,0,0,0,0,0,0,0,0,0,0,0,0,'admin','0000-00-00 00:00:00','::1',0),(37,'','DKE','2017','- Konsumsi Rapat',0,0,0,0,0,0,0,0,0,0,0,0,0,'admin','0000-00-00 00:00:00','::1',0),(37,'524114','DKK','2017','Belanja Perjalanan Dinas Paket Meeting Dalam Kota',199200000,0,0,0,0,0,0,0,0,0,0,0,0,'admin','0000-00-00 00:00:00','::1',0),(37,'522151','DKP','2017','Belanja Jasa Profesi',50000000,0,0,0,0,0,0,0,0,0,0,0,0,'admin','0000-00-00 00:00:00','::1',0),(37,'521211','DKT','2017','Belanja Bahan',25160000,0,0,0,0,0,0,0,0,0,0,0,0,'admin','0000-00-00 00:00:00','::1',0),(38,'524111','DKA','2017','Belanja Perjalanan Biasa',169249000,0,0,0,0,0,0,0,0,0,0,0,0,'admin','0000-00-00 00:00:00','::1',0),(38,'521811 ','DKE','2017','Belanja Barang Untuk Persediaan Barang konsumsi',6874000,0,0,0,0,0,0,0,0,0,0,0,0,'admin','0000-00-00 00:00:00','::1',0),(38,'524119','DKK','2017','Belanja Perjalanan Dinas Paket Meeting Luar Kota',389000000,0,0,0,0,0,0,0,0,0,0,0,0,'admin','0000-00-00 00:00:00','::1',0),(38,'524111','DKP','2017','Belanja Perjalanan Biasa',70042000,0,0,0,0,0,0,0,0,0,0,0,0,'admin','0000-00-00 00:00:00','::1',0),(38,'','DKT','2017','- Fotokopi, bahan rapat, pencetakan, penjilidan',2120000,0,0,0,0,0,0,0,0,0,0,0,0,'admin','0000-00-00 00:00:00','::1',0),(39,'524114','DKA','2017','Belanja Perjalanan Dinas Paket Meeting Dalam Kota',105000000,0,0,0,0,0,0,0,0,0,0,0,0,'admin','0000-00-00 00:00:00','::1',0),(39,'522151','DKE','2017','Belanja Jasa Profesi',46200000,0,0,0,0,0,0,0,0,0,0,0,0,'admin','0000-00-00 00:00:00','::1',0),(39,'524211','DKK','2017','Belanja Perjalanan Biasa-Luar Negeri',1650000000,0,0,0,0,0,0,0,0,0,0,0,0,'admin','0000-00-00 00:00:00','::1',0),(39,'524119','DKP','2017','Belanja Perjalanan Dinas Paket Meeting Luar Kota',59849000,0,0,0,0,0,0,0,0,0,0,0,0,'admin','0000-00-00 00:00:00','::1',0),(39,'','DKT','2017','- Konsumsi Rapat',23040000,0,0,0,0,0,0,0,0,0,0,0,0,'admin','0000-00-00 00:00:00','::1',0),(40,'524119','DKA','2017','Belanja Perjalanan Dinas Paket Meeting Luar Kota',994742000,0,0,0,0,0,0,0,0,0,0,0,0,'admin','0000-00-00 00:00:00','::1',0),(40,'522191','DKE','2017','Belanja Jasa Lainnya',27400000,0,0,0,0,0,0,0,0,0,0,0,0,'admin','0000-00-00 00:00:00','::1',0),(40,'056','DKK','2017','Penyelenggaraan Kegiatan Penghargaan Efisiensi Nasional',3327350000,0,0,0,0,0,0,0,0,0,0,0,0,'admin','0000-00-00 00:00:00','::1',0),(40,'521213','DKT','2017','Honor Output Kegiatan',142500000,0,0,0,0,0,0,0,0,0,0,0,0,'admin','0000-00-00 00:00:00','::1',0),(41,'524111','DKE','2017','Belanja Perjalanan Biasa',103933000,0,0,0,0,0,0,0,0,0,0,0,0,'admin','0000-00-00 00:00:00','::1',0),(41,'521211','DKK','2017','Belanja Bahan',59350000,0,0,0,0,0,0,0,0,0,0,0,0,'admin','0000-00-00 00:00:00','::1',0),(41,'521811 ','DKT','2017','Belanja Barang Untuk Persediaan Barang konsumsi',9232000,0,0,0,0,0,0,0,0,0,0,0,0,'admin','0000-00-00 00:00:00','::1',0),(42,'524114','DKE','2017','Belanja Perjalanan Dinas Paket Meeting Dalam Kota',30680000,0,0,0,0,0,0,0,0,0,0,0,0,'admin','0000-00-00 00:00:00','::1',0),(42,'','DKK','2017','- Konsumsi Rapat',5850000,0,0,0,0,0,0,0,0,0,0,0,0,'admin','0000-00-00 00:00:00','::1',0),(42,'522151','DKT','2017','Belanja Jasa Profesi',63000000,0,0,0,0,0,0,0,0,0,0,0,0,'admin','0000-00-00 00:00:00','::1',0),(43,'524119','DKE','2017','Belanja Perjalanan Dinas Paket Meeting Luar Kota',49720000,0,0,0,0,0,0,0,0,0,0,0,0,'admin','0000-00-00 00:00:00','::1',0),(43,'','DKK','2017','- Penggandaan Materi Workshop,  dan Penjilidan Laporan dll.',53500000,0,0,0,0,0,0,0,0,0,0,0,0,'admin','0000-00-00 00:00:00','::1',0),(43,'524111','DKT','2017','Belanja Perjalanan Biasa',34066000,0,0,0,0,0,0,0,0,0,0,0,0,'admin','0000-00-00 00:00:00','::1',0),(44,'064','DKE','2017','Penyusunan SKEMA Insentif Produsen Peralatan Hemat Energi',598753000,0,0,0,0,0,0,0,0,0,0,0,0,'admin','0000-00-00 00:00:00','::1',0),(44,'521213','DKK','2017','Honor Output Kegiatan',359750000,0,0,0,0,0,0,0,0,0,0,0,0,'admin','0000-00-00 00:00:00','::1',0),(44,'524113','DKT','2017','Belanja Perjalanan Dinas Dalam Kota',9150000,0,0,0,0,0,0,0,0,0,0,0,0,'admin','0000-00-00 00:00:00','::1',0),(45,'521211','DKE','2017','Belanja Bahan',11520000,0,0,0,0,0,0,0,0,0,0,0,0,'admin','0000-00-00 00:00:00','::1',0),(45,'521811 ','DKK','2017','Belanja Barang Untuk Persediaan Barang konsumsi',9000000,0,0,0,0,0,0,0,0,0,0,0,0,'admin','0000-00-00 00:00:00','::1',0),(45,'524114','DKT','2017','Belanja Perjalanan Dinas Paket Meeting Dalam Kota',14800000,0,0,0,0,0,0,0,0,0,0,0,0,'admin','0000-00-00 00:00:00','::1',0),(46,'','DKE','2017','- Konsumsi Rapat',0,0,0,0,0,0,0,0,0,0,0,0,0,'admin','0000-00-00 00:00:00','::1',0),(46,'522131','DKK','2017','Belanja Jasa Konsultan (Penyuntingan Makalah Energy Award2017)',47350000,0,0,0,0,0,0,0,0,0,0,0,0,'admin','0000-00-00 00:00:00','::1',0),(46,'524119','DKT','2017','Belanja Perjalanan Dinas Paket Meeting Luar Kota',62441000,0,0,0,0,0,0,0,0,0,0,0,0,'admin','0000-00-00 00:00:00','::1',0),(47,'521213','DKE','2017','Honor Output Kegiatan',353500000,0,0,0,0,0,0,0,0,0,0,0,0,'admin','0000-00-00 00:00:00','::1',0),(47,'522151','DKK','2017','Belanja Jasa Profesi',169900000,0,0,0,0,0,0,0,0,0,0,0,0,'admin','0000-00-00 00:00:00','::1',0),(47,'011.051','DKT','2017','Penerapan Efisinei Energi',636868000,0,0,0,0,0,0,0,0,0,0,0,0,'admin','0000-00-00 00:00:00','::1',0),(48,'521811 ','DKE','2017','Belanja Barang Untuk Persediaan Barang konsumsi',9000000,0,0,0,0,0,0,0,0,0,0,0,0,'admin','0000-00-00 00:00:00','::1',0),(48,'522191','DKK','2017','Belanja Jasa Lainnya',2125560000,0,0,0,0,0,0,0,0,0,0,0,0,'admin','0000-00-00 00:00:00','::1',0),(48,'521211','DKT','2017','Belanja Bahan',25209000,0,0,0,0,0,0,0,0,0,0,0,0,'admin','0000-00-00 00:00:00','::1',0),(49,'522131','DKE','2017','Belanja Jasa Konsultan',60000000,0,0,0,0,0,0,0,0,0,0,0,0,'admin','0000-00-00 00:00:00','::1',0),(49,'524111','DKK','2017','Belanja Perjalanan Biasa',190000000,0,0,0,0,0,0,0,0,0,0,0,0,'admin','0000-00-00 00:00:00','::1',0),(49,'','DKT','2017','- Fotokopi Bahan Rapat, Pencetakan, Penjilidan',2169000,0,0,0,0,0,0,0,0,0,0,0,0,'admin','0000-00-00 00:00:00','::1',0),(50,'522151','DKE','2017','Belanja Jasa Profesi',39200000,0,0,0,0,0,0,0,0,0,0,0,0,'admin','0000-00-00 00:00:00','::1',0),(50,'524113','DKK','2017','Belanja Perjalanan Dinas dalam Kota',9000000,0,0,0,0,0,0,0,0,0,0,0,0,'admin','0000-00-00 00:00:00','::1',0),(50,'','DKT','2017','- Konsumsi Rapat',23040000,0,0,0,0,0,0,0,0,0,0,0,0,'admin','0000-00-00 00:00:00','::1',0),(51,'524111','DKE','2017','Belanja Perjalanan Biasa',103933000,0,0,0,0,0,0,0,0,0,0,0,0,'admin','0000-00-00 00:00:00','::1',0),(51,'524119','DKK','2017','Belanja Perjalanan Dinas Paket Meeting Luar Kota',357440000,0,0,0,0,0,0,0,0,0,0,0,0,'admin','0000-00-00 00:00:00','::1',0),(51,'521213','DKT','2017','Honor Output Kegiatan',142500000,0,0,0,0,0,0,0,0,0,0,0,0,'admin','0000-00-00 00:00:00','::1',0),(52,'524114','DKE','2017','Belanja Perjalanan Dinas Paket Meeting Dalam Kota',21600000,0,0,0,0,0,0,0,0,0,0,0,0,'admin','0000-00-00 00:00:00','::1',0),(52,'012.057','DKK','2017','Pelaksanaan Kegiatan Penggerak Energi Tanah Airt ESDM 2017',1235697000,0,0,0,0,0,0,0,0,0,0,0,0,'admin','0000-00-00 00:00:00','::1',0),(52,'521811 ','DKT','2017','Belanja Barang Untuk Persediaan Barang konsumsi',9921000,0,0,0,0,0,0,0,0,0,0,0,0,'admin','0000-00-00 00:00:00','::1',0),(53,'521211','DKK','2017','Belanja Bahan',181850000,0,0,0,0,0,0,0,0,0,0,0,0,'admin','0000-00-00 00:00:00','::1',0),(53,'522141','DKT','2017','Belanja Sewa',22100000,0,0,0,0,0,0,0,0,0,0,0,0,'admin','0000-00-00 00:00:00','::1',0),(54,'','DKK','2017','- Konsumsi Rapat',5850000,0,0,0,0,0,0,0,0,0,0,0,0,'admin','0000-00-00 00:00:00','::1',0),(54,'522151','DKT','2017','Belanja Jasa Profesi',70200000,0,0,0,0,0,0,0,0,0,0,0,0,'admin','0000-00-00 00:00:00','::1',0),(55,'','DKK','2017','- Penggandaan Merchandise untuk pameran,  dan Penjilidan Laporan dll.',176000000,0,0,0,0,0,0,0,0,0,0,0,0,'admin','0000-00-00 00:00:00','::1',0),(55,'524111','DKT','2017','Belanja Perjalanan Biasa',300028000,0,0,0,0,0,0,0,0,0,0,0,0,'admin','0000-00-00 00:00:00','::1',0),(56,'521213','DKK','2017','Honor Output Kegiatan',353500000,0,0,0,0,0,0,0,0,0,0,0,0,'admin','0000-00-00 00:00:00','::1',0),(56,'524113','DKT','2017','Belanja Perjalanan Dinas dalam Kota',3000000,0,0,0,0,0,0,0,0,0,0,0,0,'admin','0000-00-00 00:00:00','::1',0),(57,'521811 ','DKK','2017','Belanja Barang Untuk Persediaan Barang konsumsi',9000000,0,0,0,0,0,0,0,0,0,0,0,0,'admin','0000-00-00 00:00:00','::1',0),(57,'524114','DKT','2017','Belanja Perjalanan Dinas Paket Meeting Dalam Kota',14800000,0,0,0,0,0,0,0,0,0,0,0,0,'admin','0000-00-00 00:00:00','::1',0),(58,'522151','DKK','2017','Belanja Jasa Profesi',52800000,0,0,0,0,0,0,0,0,0,0,0,0,'admin','0000-00-00 00:00:00','::1',0),(58,'524119','DKT','2017','Belanja Perjalanan Dinas Paket Meeting Luar Kota',49110000,0,0,0,0,0,0,0,0,0,0,0,0,'admin','0000-00-00 00:00:00','::1',0),(59,'522191','DKK','2017','Belanja Jasa Lainnya',295870000,0,0,0,0,0,0,0,0,0,0,0,0,'admin','0000-00-00 00:00:00','::1',0),(59,'052','DKT','2017','Pemasangan Sistem Monitoring Konsumsi Energi dan Penggantian LampuLED di Lingkungan Kementerian ESDM ',5199080000,0,0,0,0,0,0,0,0,0,0,0,0,'admin','0000-00-00 00:00:00','::1',0),(60,'524111','DKK','2017','Belanja Perjalanan Biasa',150000000,0,0,0,0,0,0,0,0,0,0,0,0,'admin','0000-00-00 00:00:00','::1',0),(60,'532111','DKT','2017','Belanja Modal Peralatan dan Mesin',5199080000,0,0,0,0,0,0,0,0,0,0,0,0,'admin','0000-00-00 00:00:00','::1',0),(61,'524113','DKK','2017','Belanja Perjalanan Dinas dalam Kota',75000000,0,0,0,0,0,0,0,0,0,0,0,0,'admin','0000-00-00 00:00:00','::1',0),(61,'053','DKT','2017','Monitoring Terhadap Pencapaian Emisi Gas Rumah Kaca (GRK) RAN-RAD',474755000,0,0,0,0,0,0,0,0,0,0,0,0,'admin','0000-00-00 00:00:00','::1',0),(62,'524119','DKK','2017','Belanja Perjalanan Dinas Paket Meeting Luar Kota',117677000,0,0,0,0,0,0,0,0,0,0,0,0,'admin','0000-00-00 00:00:00','::1',0),(62,'521211','DKT','2017','Belanja Bahan',25228000,0,0,0,0,0,0,0,0,0,0,0,0,'admin','0000-00-00 00:00:00','::1',0),(63,'','DKT','2017','- Fotokopi Bahan Rapat, Pencetakan, Penjilidan',2188000,0,0,0,0,0,0,0,0,0,0,0,0,'admin','0000-00-00 00:00:00','::1',0),(64,'','DKT','2017','- Konsumsi Rapat',23040000,0,0,0,0,0,0,0,0,0,0,0,0,'admin','0000-00-00 00:00:00','::1',0),(65,'521213','DKT','2017','Honor Output Kegiatan',142500000,0,0,0,0,0,0,0,0,0,0,0,0,'admin','0000-00-00 00:00:00','::1',0),(66,'521811 ','DKT','2017','Belanja Barang Untuk Persediaan Barang konsumsi',8433000,0,0,0,0,0,0,0,0,0,0,0,0,'admin','0000-00-00 00:00:00','::1',0),(67,'522151','DKT','2017','Belanja Jasa Profesi',70200000,0,0,0,0,0,0,0,0,0,0,0,0,'admin','0000-00-00 00:00:00','::1',0),(68,'524111','DKT','2017','Belanja Perjalanan Biasa',147124000,0,0,0,0,0,0,0,0,0,0,0,0,'admin','0000-00-00 00:00:00','::1',0),(69,'524113','DKT','2017','Belanja Perjalanan Dinas dalam Kota',4500000,0,0,0,0,0,0,0,0,0,0,0,0,'admin','0000-00-00 00:00:00','::1',0),(70,'524114','DKT','2017','Belanja Perjalanan Dinas Paket Meeting Dalam Kota',22200000,0,0,0,0,0,0,0,0,0,0,0,0,'admin','0000-00-00 00:00:00','::1',0),(71,'524119','DKT','2017','Belanja Perjalanan Dinas Paket Meeting Luar Kota',54570000,0,0,0,0,0,0,0,0,0,0,0,0,'admin','0000-00-00 00:00:00','::1',0);

/*Table structure for table `rkk4l_d1p4_p3n4r1k4n_r3k4p` */

DROP TABLE IF EXISTS `rkk4l_d1p4_p3n4r1k4n_r3k4p`;

CREATE TABLE `rkk4l_d1p4_p3n4r1k4n_r3k4p` (
  `kd_subdir` char(3) NOT NULL DEFAULT '-',
  `thn_anggaran` varchar(15) NOT NULL DEFAULT '-',
  `01` bigint(20) NOT NULL DEFAULT '0',
  `02` bigint(20) NOT NULL DEFAULT '0',
  `03` bigint(20) NOT NULL DEFAULT '0',
  `04` bigint(20) NOT NULL DEFAULT '0',
  `05` bigint(20) NOT NULL DEFAULT '0',
  `06` bigint(20) NOT NULL DEFAULT '0',
  `07` bigint(20) NOT NULL DEFAULT '0',
  `08` bigint(20) NOT NULL DEFAULT '0',
  `09` bigint(20) NOT NULL DEFAULT '0',
  `10` bigint(20) NOT NULL DEFAULT '0',
  `11` bigint(20) NOT NULL DEFAULT '0',
  `12` bigint(20) NOT NULL DEFAULT '0',
  `id_user` char(11) NOT NULL DEFAULT '0',
  `wkt_input` datetime NOT NULL DEFAULT '0000-00-00 00:00:00',
  `ip_input` varchar(20) NOT NULL DEFAULT ':::1',
  `revisi` int(3) DEFAULT '0',
  PRIMARY KEY (`kd_subdir`,`thn_anggaran`)
) ENGINE=InnoDB DEFAULT CHARSET=utf8;

/*Data for the table `rkk4l_d1p4_p3n4r1k4n_r3k4p` */

/*Table structure for table `rkk4l_d1p4_pr353nt453` */

DROP TABLE IF EXISTS `rkk4l_d1p4_pr353nt453`;

CREATE TABLE `rkk4l_d1p4_pr353nt453` (
  `kd_subdir` char(3) NOT NULL DEFAULT '-',
  `thn_anggaran` char(4) NOT NULL DEFAULT '-',
  `triwulan` int(1) NOT NULL DEFAULT '0',
  `jml_pagu` bigint(20) NOT NULL DEFAULT '0',
  `jml_realisasi` bigint(20) NOT NULL DEFAULT '0',
  `persen_realisasi` double(5,2) NOT NULL DEFAULT '0.00',
  `jml_saldo` bigint(20) NOT NULL DEFAULT '0',
  `persen_saldo` double(5,2) NOT NULL DEFAULT '0.00',
  `id_user` char(11) NOT NULL DEFAULT '-',
  `wkt_input` datetime NOT NULL DEFAULT '0000-00-00 00:00:00',
  `ip_input` varchar(20) NOT NULL DEFAULT ':::1',
  PRIMARY KEY (`kd_subdir`,`thn_anggaran`,`triwulan`)
) ENGINE=InnoDB DEFAULT CHARSET=utf8;

/*Data for the table `rkk4l_d1p4_pr353nt453` */

insert  into `rkk4l_d1p4_pr353nt453`(`kd_subdir`,`thn_anggaran`,`triwulan`,`jml_pagu`,`jml_realisasi`,`persen_realisasi`,`jml_saldo`,`persen_saldo`,`id_user`,`wkt_input`,`ip_input`) values ('DKA','2017',1,5013485000,3425221383,68.32,1588263617,31.68,'USR17010001','2017-10-25 16:00:00','172.16.152.43'),('DKE','2017',1,4498244000,3403468449,75.66,1094775551,24.34,'USR17010001','2017-10-25 16:00:00','172.16.152.43'),('DKK','2017',1,35422279000,21027466599,59.36,14394812401,40.64,'USR17010001','2017-10-25 16:00:00','172.16.152.43'),('DKP','2017',1,4789319000,2429851174,50.73,2359467826,49.27,'USR17010001','2017-10-25 16:00:00','172.16.152.43'),('DKT','2017',1,9865306000,7475622163,75.78,2389683837,24.22,'USR17010001','2017-10-25 16:00:00','172.16.152.43');

/*Table structure for table `rkk4l_d1p4_r34l1s4s1` */

DROP TABLE IF EXISTS `rkk4l_d1p4_r34l1s4s1`;

CREATE TABLE `rkk4l_d1p4_r34l1s4s1` (
  `id_rkkal` int(11) NOT NULL DEFAULT '0',
  `kd_apbn` varchar(20) NOT NULL DEFAULT '-',
  `kd_subdir` varchar(3) NOT NULL DEFAULT '-',
  `thn_anggaran` varchar(15) NOT NULL DEFAULT '-',
  `uraian_kegiatan` text NOT NULL,
  `anggaran` bigint(20) NOT NULL DEFAULT '0',
  `n01` bigint(20) NOT NULL DEFAULT '0',
  `n02` bigint(20) NOT NULL DEFAULT '0',
  `n03` bigint(20) NOT NULL DEFAULT '0',
  `n04` bigint(20) NOT NULL DEFAULT '0',
  `n05` bigint(20) NOT NULL DEFAULT '0',
  `n06` bigint(20) NOT NULL DEFAULT '0',
  `n07` bigint(20) NOT NULL DEFAULT '0',
  `n08` bigint(20) NOT NULL DEFAULT '0',
  `n09` bigint(20) NOT NULL DEFAULT '0',
  `n10` bigint(20) NOT NULL DEFAULT '0',
  `n11` bigint(20) NOT NULL DEFAULT '0',
  `n12` bigint(20) NOT NULL DEFAULT '0',
  `id_user` char(11) NOT NULL DEFAULT '-',
  `wkt_input` datetime NOT NULL DEFAULT '0000-00-00 00:00:00',
  `ip_input` varchar(20) NOT NULL DEFAULT ':::1',
  `revisi` int(3) NOT NULL DEFAULT '0',
  PRIMARY KEY (`id_rkkal`,`kd_subdir`,`thn_anggaran`)
) ENGINE=InnoDB DEFAULT CHARSET=utf8;

/*Data for the table `rkk4l_d1p4_r34l1s4s1` */

insert  into `rkk4l_d1p4_r34l1s4s1`(`id_rkkal`,`kd_apbn`,`kd_subdir`,`thn_anggaran`,`uraian_kegiatan`,`anggaran`,`n01`,`n02`,`n03`,`n04`,`n05`,`n06`,`n07`,`n08`,`n09`,`n10`,`n11`,`n12`,`id_user`,`wkt_input`,`ip_input`,`revisi`) values (1,'057','DKA','2017','Pembinaan dan Pengawasan Pealaksanaan Labelisasi Taanda Hemat Energi pada Rumah Tangga x',1068516000,870100,100000,0,0,0,0,0,0,0,0,0,0,'','0000-00-00 00:00:00','',0),(1,'010.054','DKE','2017','Penyiaapan Insentif Efisiensi Energi',337925000,910000,0,0,0,0,0,0,0,0,0,0,0,'','0000-00-00 00:00:00','',0),(1,'012.051','DKK','2017','Sosialisasi Program Konservasi Energi di Sekolah Dasar',2100000000,0,0,0,0,0,0,0,0,0,0,0,0,'','0000-00-00 00:00:00','',0),(1,'009.051','DKP','2017','Penyusunan Draft Regulasi Konservasi Energi (Draft Revisi PP 70/2009)',731006000,500000,500000,0,0,0,0,0,0,0,0,0,0,'','0000-00-00 00:00:00','',0),(1,'009.052','DKT','2017','Penyusunan Draft SKEM dan Pembubuhan Label Tanda Hemat Energi',710906000,0,0,0,0,0,0,0,0,0,0,0,0,'','0000-00-00 00:00:00','',0),(2,'521211','DKA','2017','Belanja Bahan',35650000,200000,0,0,0,0,0,0,0,0,0,0,0,'','0000-00-00 00:00:00','',0),(2,'521211','DKE','2017','Belanja Bahan',14031000,0,0,0,0,0,0,0,0,0,0,0,0,'','0000-00-00 00:00:00','',0),(2,'522191','DKK','2017','Belanja Jasa Lainnya',2100000000,0,0,0,0,0,0,0,0,0,0,0,0,'','0000-00-00 00:00:00','',0),(2,'521211','DKP','2017','Belanja Bahan',23650000,0,0,0,0,0,0,0,0,0,0,0,0,'','0000-00-00 00:00:00','',0),(2,'521211','DKT','2017','Belanja Bahan',19028000,0,0,0,0,0,0,0,0,0,0,0,0,'','0000-00-00 00:00:00','',0),(3,'','DKA','2017','- Konsumsi Rapat',20400000,1000000,0,0,0,0,0,0,0,0,0,0,0,'','0000-00-00 00:00:00','',0),(3,'','DKE','2017','- Konsumsi Rapat',11520000,0,0,0,0,0,0,0,0,0,0,0,0,'','0000-00-00 00:00:00','',0),(3,'052','DKK','2017','Pelaksanaan Bimbingan Teknis dan Penyuluhan Konservasi Energi',2609756000,0,0,0,0,0,0,0,0,0,0,0,0,'','0000-00-00 00:00:00','',0),(3,'','DKP','2017','Konsumsi Rapat',0,0,0,0,0,0,0,0,0,0,0,0,0,'','0000-00-00 00:00:00','',0),(3,'','DKT','2017','- Fotokopi, bahan rapat, pencetakan, penjilidan',1748000,0,0,0,0,0,0,0,0,0,0,0,0,'','0000-00-00 00:00:00','',0),(4,'','DKA','2017','- Penggandaan Materi dan Pembuatan Laporan , Foto Copy, Penjilidan',15250000,100001,0,0,0,0,0,0,0,0,0,0,0,'','0000-00-00 00:00:00','',0),(4,'','DKE','2017','- Biaya Pencetakan Laporan Akhir',2511000,0,0,0,0,0,0,0,0,0,0,0,0,'','0000-00-00 00:00:00','',0),(4,'521211','DKK','2017','Belanja Bahan',306380000,0,0,0,0,0,0,0,0,0,0,0,0,'','0000-00-00 00:00:00','',0),(4,'521213','DKP','2017','Honor Output Kegiatan',353500000,0,0,0,0,0,0,0,0,0,0,0,0,'','0000-00-00 00:00:00','',0),(4,'','DKT','2017','- Konsumsi Rapat',17280000,0,0,0,0,0,0,0,0,0,0,0,0,'','0000-00-00 00:00:00','',0),(5,'521213','DKA','2017','Honor Output Kegiatan',152500000,1000,0,0,0,0,0,0,0,0,0,0,0,'','0000-00-00 00:00:00','',0),(5,'521213','DKE','2017','Honor Output Kegiatan',157000000,0,0,0,0,0,0,0,0,0,0,0,0,'','0000-00-00 00:00:00','',0),(5,'','DKK','2017','- Konsumsi Rapat',5850000,0,0,0,0,0,0,0,0,0,0,0,0,'','0000-00-00 00:00:00','',0),(5,'521811','DKP','2017','Belanja Barang Untuk Persediaan Barang konsumsi',9480000,0,0,0,0,0,0,0,0,0,0,0,0,'','0000-00-00 00:00:00','',0),(5,'521213','DKT','2017','Honor Output Kegiatan',341000000,0,0,0,0,0,0,0,0,0,0,0,0,'','0000-00-00 00:00:00','',0),(6,'521219','DKA','2017','Belanja Barang Non Operasional Lainnya',50000000,0,0,0,0,0,0,0,0,0,0,0,0,'','0000-00-00 00:00:00','',0),(6,'521811 ','DKE','2017','Belanja Barang Untuk Persediaan Barang konsumsi',9075000,0,0,0,0,0,0,0,0,0,0,0,0,'','0000-00-00 00:00:00','',0),(6,'','DKK','2017','- Penggandaan Materi , Pencetakan, dan Penjilidan Laporan',300530000,0,0,0,0,0,0,0,0,0,0,0,0,'','0000-00-00 00:00:00','',0),(6,'522151','DKP','2017','Belanja Jasa Profesi',242700000,0,0,0,0,0,0,0,0,0,0,0,0,'','0000-00-00 00:00:00','',0),(6,'521219','DKT','2017','Belanja Barang Non Operasional Lainnya',10000000,0,0,0,0,0,0,0,0,0,0,0,0,'','0000-00-00 00:00:00','',0),(7,'521811 ','DKA','2017','Belanja Barang Untuk Persediaan Barang konsumsi',8895000,0,0,0,0,0,0,0,0,0,0,0,0,'','0000-00-00 00:00:00','',0),(7,'522151','DKE','2017','Belanja Jasa Profesi',39600000,0,0,0,0,0,0,0,0,0,0,0,0,'','0000-00-00 00:00:00','',0),(7,'521213','DKK','2017','Honor Output Kegiatan',186500000,0,0,0,0,0,0,0,0,0,0,0,0,'','0000-00-00 00:00:00','',0),(7,'524111','DKP','2017','Belanja Perjalanan Biasa',41546000,0,0,0,0,0,0,0,0,0,0,0,0,'','0000-00-00 00:00:00','',0),(7,'521811 ','DKT','2017','Belanja Barang Untuk Persediaan Barang konsumsi',9937000,0,0,0,0,0,0,0,0,0,0,0,0,'','0000-00-00 00:00:00','',0),(8,'522141','DKA','2017','Belanja Sewa ',15682000,0,0,0,0,0,0,0,0,0,0,0,0,'','0000-00-00 00:00:00','',0),(8,'524111','DKE','2017','Belanja Perjalanan Biasa',115219000,0,0,0,0,0,0,0,0,0,0,0,0,'','0000-00-00 00:00:00','',0),(8,'521811 ','DKK','2017','Belanja Barang Untuk Persediaan Barang konsumsi',9000000,0,0,0,0,0,0,0,0,0,0,0,0,'','0000-00-00 00:00:00','',0),(8,'524119','DKP','2017','Belanja Perjalanan Dinas Paket Meeting Luar Kota',60130000,0,0,0,0,0,0,0,0,0,0,0,0,'','0000-00-00 00:00:00','',0),(8,'522151','DKT','2017','Belanja Jasa Profesi',79200000,0,0,0,0,0,0,0,0,0,0,0,0,'','0000-00-00 00:00:00','',0),(9,'522151','DKA','2017','Belanja Jasa Profesi',98600000,0,0,0,0,0,0,0,0,0,0,0,0,'','0000-00-00 00:00:00','',0),(9,'524114','DKE','2017','Belanja Perjalanan Dinas Paket Meeting Dalam Kota',3000000,0,0,0,0,0,0,0,0,0,0,0,0,'','0000-00-00 00:00:00','',0),(9,'522151','DKK','2017','Belanja Jasa Profesi',367200000,0,0,0,0,0,0,0,0,0,0,0,0,'','0000-00-00 00:00:00','',0),(9,'010. 051','DKP','2017','Koordinasi dan Konsultasi Dalam Rangka Percepatan Penerapan Konservasi Energi',1200163000,0,0,0,0,0,0,0,0,0,0,0,0,'','0000-00-00 00:00:00','',0),(9,'522191','DKT','2017','Belanjan Jasa lainnya',30000000,0,0,0,0,0,0,0,0,0,0,0,0,'','0000-00-00 00:00:00','',0),(10,'522191','DKA','2017','Belanja Jasa Lainnya',287831000,0,0,0,0,0,0,0,0,0,0,0,0,'','0000-00-00 00:00:00','',0),(10,'055','DKE','2017','Penyiapan Investasi Efisiensi Energi Sektor Industri dan Bangunan ',522450000,0,0,0,0,0,0,0,0,0,0,0,0,'','0000-00-00 00:00:00','',0),(10,'522191','DKK','2017','Belanja Jasa Lainnya',360416000,0,0,0,0,0,0,0,0,0,0,0,0,'','0000-00-00 00:00:00','',0),(10,'521211','DKP','2017','Belanja Bahan',31320000,0,0,0,0,0,0,0,0,0,0,0,0,'','0000-00-00 00:00:00','',0),(10,'524111','DKT','2017','Belanja Perjalanan Biasa',67936000,0,0,0,0,0,0,0,0,0,0,0,0,'','0000-00-00 00:00:00','',0),(11,'524111','DKA','2017','Belanja Perjalanan Biasa',201438000,0,0,0,0,0,0,0,0,0,0,0,0,'','0000-00-00 00:00:00','',0),(11,'521211','DKE','2017','Belanja Bahan',7168000,0,0,0,0,0,0,0,0,0,0,0,0,'','0000-00-00 00:00:00','',0),(11,'524111','DKK','2017','Belanja Perjalanan Biasa',180000000,0,0,0,0,0,0,0,0,0,0,0,0,'','0000-00-00 00:00:00','',0),(11,'','DKP','2017','- Penggandaan dan Penjilidan dokumen  rapat, dan Laporan',15000000,0,0,0,0,0,0,0,0,0,0,0,0,'','0000-00-00 00:00:00','',0),(11,'524113','DKT','2017','Belanja Perjalanan Dinas Dalam Kota',4200000,0,0,0,0,0,0,0,0,0,0,0,0,'','0000-00-00 00:00:00','',0),(12,'524114','DKA','2017','Belanja Perjalanan Dinas Paket Meeting Dalam Kota',26250000,0,0,0,0,0,0,0,0,0,0,0,0,'','0000-00-00 00:00:00','',0),(12,'','DKE','2017','Konsumsi Rapat',0,0,0,0,0,0,0,0,0,0,0,0,0,'','0000-00-00 00:00:00','',0),(12,'524113','DKK','2017','Belanja Perjalanan Dinas dalam Kota',9000000,0,0,0,0,0,0,0,0,0,0,0,0,'','0000-00-00 00:00:00','',0),(12,'','DKP','2017','- Konsumsi Rapat',16320000,0,0,0,0,0,0,0,0,0,0,0,0,'','0000-00-00 00:00:00','',0),(12,'524114','DKT','2017','Belanja Perjalanan Dinas Paket Meeting Dalam Kota',28000000,0,0,0,0,0,0,0,0,0,0,0,0,'','0000-00-00 00:00:00','',0),(13,'524119','DKA','2017','Belanja Perjalanan Dinas Paket Meeting Luar Kota',191670000,0,0,0,0,0,0,0,0,0,0,0,0,'','0000-00-00 00:00:00','',0),(13,'521213','DKE','2017','Honor Output Kegiatan',152500000,0,0,0,0,0,0,0,0,0,0,0,0,'','0000-00-00 00:00:00','',0),(13,'524119','DKK','2017','Belanja Perjalanan Dinas Paket Meeting Luar Kota',1191260000,0,0,0,0,0,0,0,0,0,0,0,0,'','0000-00-00 00:00:00','',0),(13,'521213','DKP','2017','Honor Output Kegiatan',353500000,0,0,0,0,0,0,0,0,0,0,0,0,'','0000-00-00 00:00:00','',0),(13,'524119','DKT','2017','Belanja Perjalanan Dinas Paket Meeting Luar Kota',121605000,0,0,0,0,0,0,0,0,0,0,0,0,'','0000-00-00 00:00:00','',0),(14,'059','DKA','2017','Pemantauan dan Evaluasi Pelaksanaan Penghematan Energi di Instansi Pemerintah',981346000,0,0,0,0,0,0,0,0,0,0,0,0,'','0000-00-00 00:00:00','',0),(14,'521811 ','DKE','2017','Belanja Barang Untuk Persediaan Barang konsumsi',9870000,0,0,0,0,0,0,0,0,0,0,0,0,'','0000-00-00 00:00:00','',0),(14,'053','DKK','2017','Publikasi Konservasi Energi Pada Masyarakat Umum',20234650000,0,0,0,0,0,0,0,0,0,0,0,0,'','0000-00-00 00:00:00','',0),(14,'521811 ','DKP','2017','Belanja Barang Untuk Persediaan Barang konsumsi',8409000,0,0,0,0,0,0,0,0,0,0,0,0,'','0000-00-00 00:00:00','',0),(14,'053','DKT','2017','Penyusunan Draft SNI di Bidang  Konservasi Energi',390040000,0,0,0,0,0,0,0,0,0,0,0,0,'','0000-00-00 00:00:00','',0),(15,'521211','DKA','2017','Belanja Bahan',45600000,0,0,0,0,0,0,0,0,0,0,0,0,'','0000-00-00 00:00:00','',0),(15,'522131','DKE','2017','Belanja Jasa Konsultan (Tenaga Ahli Ekonomi)',80000000,0,0,0,0,0,0,0,0,0,0,0,0,'','0000-00-00 00:00:00','',0),(15,'521211','DKK','2017','Belanja Bahan',152750000,0,0,0,0,0,0,0,0,0,0,0,0,'','0000-00-00 00:00:00','',0),(15,'522141','DKP','2017','Belanja Sewa (Sewa kendaraan Roda Empat)',7508000,0,0,0,0,0,0,0,0,0,0,0,0,'','0000-00-00 00:00:00','',0),(15,'521211','DKT','2017','Belanja Bahan',26043000,0,0,0,0,0,0,0,0,0,0,0,0,'','0000-00-00 00:00:00','',0),(16,'','DKA','2017','- Konsumsi Rapat',30600000,0,0,0,0,0,0,0,0,0,0,0,0,'','0000-00-00 00:00:00','',0),(16,'522151','DKE','2017','Belanja Jasa Profesi',56000000,0,0,0,0,0,0,0,0,0,0,0,0,'','0000-00-00 00:00:00','',0),(16,'','DKK','2017','- Konsumsi Rapat',9750000,0,0,0,0,0,0,0,0,0,0,0,0,'','0000-00-00 00:00:00','',0),(16,'522151','DKP','2017','Belanja Jasa Profesi',173000000,0,0,0,0,0,0,0,0,0,0,0,0,'','0000-00-00 00:00:00','',0),(16,'','DKT','2017','- Fotokopi, bahan rapat, pencetakan, penjilidan',3003000,0,0,0,0,0,0,0,0,0,0,0,0,'','0000-00-00 00:00:00','',0),(17,'','DKA','2017','- Penggandaan Materi dan Pembuatan Laporan , Foto Copy, Penjilidan',15000000,0,0,0,0,0,0,0,0,0,0,0,0,'','0000-00-00 00:00:00','',0),(17,'524111','DKE','2017','Belanja Perjalanan Biasa',48512000,0,0,0,0,0,0,0,0,0,0,0,0,'','0000-00-00 00:00:00','',0),(17,'','DKK','2017','- Penggandaan, Pencetakan, Pembelian Bahan SNI dan Penjilidan Laporan',143000000,0,0,0,0,0,0,0,0,0,0,0,0,'','0000-00-00 00:00:00','',0),(17,'524111','DKP','2017','Belanja Perjalanan Biasa',230126000,0,0,0,0,0,0,0,0,0,0,0,0,'','0000-00-00 00:00:00','',0),(17,'','DKT','2017','- Konsumsi Rapat',23040000,0,0,0,0,0,0,0,0,0,0,0,0,'','0000-00-00 00:00:00','',0),(18,'521213','DKA','2017','Honor Output Kegiatan',357600000,0,0,0,0,0,0,0,0,0,0,0,0,'','0000-00-00 00:00:00','',0),(18,'524114','DKE','2017','Belanja Perjalanan Dinas Paket Meeting Dalam Kota',78000000,0,0,0,0,0,0,0,0,0,0,0,0,'','0000-00-00 00:00:00','',0),(18,'521213','DKK','2017','Honor Output Kegiatan',157000000,0,0,0,0,0,0,0,0,0,0,0,0,'','0000-00-00 00:00:00','',0),(18,'524113','DKP','2017','Belanja Perjalanan Dinas Dalam Kota',9000000,0,0,0,0,0,0,0,0,0,0,0,0,'','0000-00-00 00:00:00','',0),(18,'521213','DKT','2017','Honor Output Kegiatan',142500000,0,0,0,0,0,0,0,0,0,0,0,0,'','0000-00-00 00:00:00','',0),(19,'521811 ','DKA','2017','Belanja Barang Untuk Persediaan Barang konsumsi',9944000,0,0,0,0,0,0,0,0,0,0,0,0,'','0000-00-00 00:00:00','',0),(19,'524119','DKE','2017','Belanja Perjalanan Dinas Paket Meeting Luar Kota',90400000,0,0,0,0,0,0,0,0,0,0,0,0,'','0000-00-00 00:00:00','',0),(19,'521811 ','DKK','2017','Belanja Barang Untuk Persediaan Barang konsumsi',9000000,0,0,0,0,0,0,0,0,0,0,0,0,'','0000-00-00 00:00:00','',0),(19,'524114','DKP','2017','Belanja Perjalanan Dinas Paket Meeting Dalam Kota',82880000,0,0,0,0,0,0,0,0,0,0,0,0,'','0000-00-00 00:00:00','',0),(19,'521811 ','DKT','2017','Belanja Barang Untuk Persediaan Barang konsumsi',7423000,0,0,0,0,0,0,0,0,0,0,0,0,'','0000-00-00 00:00:00','',0),(20,'522141','DKA','2017','Belanja Sewa ',15144000,0,0,0,0,0,0,0,0,0,0,0,0,'','0000-00-00 00:00:00','',0),(20,'056','DKE','2017','Penyusunan PedomanPembiayaan Investasi Efisienssi Energi',421180000,0,0,0,0,0,0,0,0,0,0,0,0,'','0000-00-00 00:00:00','',0),(20,'522131','DKK','2017','Belanja Jasa Konsultan (Duta Konservasi Energi)',120000000,0,0,0,0,0,0,0,0,0,0,0,0,'','0000-00-00 00:00:00','',0),(20,'524119','DKP','2017','Belanja Perjalanan Dinas Paket Meeting Luar Kota',304420000,0,0,0,0,0,0,0,0,0,0,0,0,'','0000-00-00 00:00:00','',0),(20,'522151','DKT','2017','Belanja Jasa Profesi',72000000,0,0,0,0,0,0,0,0,0,0,0,0,'','0000-00-00 00:00:00','',0),(21,'522151','DKA','2017','Belanja Jasa Profesi',102600000,0,0,0,0,0,0,0,0,0,0,0,0,'','0000-00-00 00:00:00','',0),(21,'521211','DKE','2017','Belanja Bahan',25600000,0,0,0,0,0,0,0,0,0,0,0,0,'','0000-00-00 00:00:00','',0),(21,'522191','DKK','2017','Belanja Jasa Lainnya',19506900000,0,0,0,0,0,0,0,0,0,0,0,0,'','0000-00-00 00:00:00','',0),(21,'052','DKP','2017','Penyusunan Data dan Informasi Konservasi Energi',3083546000,0,0,0,0,0,0,0,0,0,0,0,0,'','0000-00-00 00:00:00','',0),(21,'524111','DKT','2017','Belanja Perjalanan Biasa',50833000,0,0,0,0,0,0,0,0,0,0,0,0,'','0000-00-00 00:00:00','',0),(22,'522191','DKA','2017','Belanja Jasa Lainnya',38699000,0,0,0,0,0,0,0,0,0,0,0,0,'','0000-00-00 00:00:00','',0),(22,'','DKE','2017','Konsumsi Rapat',0,0,0,0,0,0,0,0,0,0,0,0,0,'','0000-00-00 00:00:00','',0),(22,'524111','DKK','2017','Belanja Perjalanan Biasa',280000000,0,0,0,0,0,0,0,0,0,0,0,0,'','0000-00-00 00:00:00','',0),(22,'521211','DKP','2017','Belanja Bahan',263240000,0,0,0,0,0,0,0,0,0,0,0,0,'','0000-00-00 00:00:00','',0),(22,'524113','DKT','2017','Belanja Perjalanan Dinas Dalam Kota',3750000,0,0,0,0,0,0,0,0,0,0,0,0,'','0000-00-00 00:00:00','',0),(23,'524111','DKA','2017','Belanja Perjalanan Biasa',195452000,0,0,0,0,0,0,0,0,0,0,0,0,'','0000-00-00 00:00:00','',0),(23,'521213','DKE','2017','Honor Output Kegiatan',152500000,0,0,0,0,0,0,0,0,0,0,0,0,'','0000-00-00 00:00:00','',0),(23,'524113','DKK','2017','Belanja Perjalanan Dinas dalam Kota',9000000,0,0,0,0,0,0,0,0,0,0,0,0,'','0000-00-00 00:00:00','',0),(23,'','DKP','2017','- Penggandaan dan Penjilidan dokumen  rapat, dan Laporan dan pencetakan buku',251000000,0,0,0,0,0,0,0,0,0,0,0,0,'','0000-00-00 00:00:00','',0),(23,'524114','DKT','2017','Belanja Perjalanan Dinas Paket Meeting Dalam Kota',22200000,0,0,0,0,0,0,0,0,0,0,0,0,'','0000-00-00 00:00:00','',0),(24,'524114','DKA','2017','Belanja Perjalanan Dinas Paket Meeting Dalam Kota',28000000,0,0,0,0,0,0,0,0,0,0,0,0,'','0000-00-00 00:00:00','',0),(24,'521811 ','DKE','2017','Belanja Barang Untuk Persediaan Barang konsumsi',8489000,0,0,0,0,0,0,0,0,0,0,0,0,'','0000-00-00 00:00:00','',0),(24,'054','DKK','2017','Penyelenggaraan Lomba Hemat Energi di Sekolah Untuk SMP dan SMA',4110000000,0,0,0,0,0,0,0,0,0,0,0,0,'','0000-00-00 00:00:00','',0),(24,'','DKP','2017','- Konsumsi Rapat',12240000,0,0,0,0,0,0,0,0,0,0,0,0,'','0000-00-00 00:00:00','',0),(24,'524119','DKT','2017','Belanja Perjalanan Dinas Paket Meeting Luar Kota',65291000,0,0,0,0,0,0,0,0,0,0,0,0,'','0000-00-00 00:00:00','',0),(25,'524119','DKA','2017','Belanja Perjalanan Dinas Paket Meeting Luar Kota',188307000,0,0,0,0,0,0,0,0,0,0,0,0,'','0000-00-00 00:00:00','',0),(25,'522151','DKE','2017','Belanja Jasa Profesi',52500000,0,0,0,0,0,0,0,0,0,0,0,0,'','0000-00-00 00:00:00','',0),(25,'522191','DKK','2017','Belanja Jasa Lainnya',0,0,0,0,0,0,0,0,0,0,0,0,0,'','0000-00-00 00:00:00','',0),(25,'521213','DKP','2017','Honor Output Kegiatan',152500000,0,0,0,0,0,0,0,0,0,0,0,0,'','0000-00-00 00:00:00','',0),(25,'054','DKT','2017','Penyusunan Draft Perpres Penerapan Building Energy Management System Secara Wajib di Bangunan Gedung Pemerintah',377902000,0,0,0,0,0,0,0,0,0,0,0,0,'','0000-00-00 00:00:00','',0),(26,'060','DKA','2017','Pelaksanaan Audit Energi di Bangunan Gedung Pemerintah',0,0,0,0,0,0,0,0,0,0,0,0,0,'','0000-00-00 00:00:00','',0),(26,'522191','DKE','2017','Belanja Jasa Lainnya',10000000,0,0,0,0,0,0,0,0,0,0,0,0,'','0000-00-00 00:00:00','',0),(26,'','DKK','2017','Lomba Hemat Energi di Rumah dan Sekolah untuk SMP dan SMA',4110000000,0,0,0,0,0,0,0,0,0,0,0,0,'','0000-00-00 00:00:00','',0),(26,'521811 ','DKP','2017','Belanja Barang Untuk Persediaan Barang konsumsi',8075000,0,0,0,0,0,0,0,0,0,0,0,0,'','0000-00-00 00:00:00','',0),(26,'521211','DKT','2017','Belanja Bahan',25160000,0,0,0,0,0,0,0,0,0,0,0,0,'','0000-00-00 00:00:00','',0),(27,'522131','DKA','2017','Belanja Jasa Konsultan',940555000,0,0,0,0,0,0,0,0,0,0,0,0,'','0000-00-00 00:00:00','',0),(27,'524111','DKE','2017','Belanja Perjalanan Biasa',25813000,0,0,0,0,0,0,0,0,0,0,0,0,'','0000-00-00 00:00:00','',0),(27,'055','DKK','2017','Pelaksanaan Kerjasama Bidang Konservasi Energi',3334916000,0,0,0,0,0,0,0,0,0,0,0,0,'','0000-00-00 00:00:00','',0),(27,'522131','DKP','2017','Belanja Jasa Konsultan (Penyusunan Data dan Informasi Konservasi Energi di Sektor Bangunan Gedung Komersial)',2500000000,0,0,0,0,0,0,0,0,0,0,0,0,'','0000-00-00 00:00:00','',0),(27,'','DKT','2017','- Fotokopi, bahan rapat, pencetakan, penjilidan',2120000,0,0,0,0,0,0,0,0,0,0,0,0,'','0000-00-00 00:00:00','',0),(28,'','DKA','2017','Audit Energi di Bangunan Gedung Pemerintah',0,0,0,0,0,0,0,0,0,0,0,0,0,'','0000-00-00 00:00:00','',0),(28,'524113','DKE','2017','Belanja Perjalanan Dinas dalam Kota',2800000,0,0,0,0,0,0,0,0,0,0,0,0,'','0000-00-00 00:00:00','',0),(28,'521211','DKK','2017','Belanja Bahan',141600000,0,0,0,0,0,0,0,0,0,0,0,0,'','0000-00-00 00:00:00','',0),(28,'524111','DKP','2017','Belanja Perjalanan Biasa',70986000,0,0,0,0,0,0,0,0,0,0,0,0,'','0000-00-00 00:00:00','',0),(28,'','DKT','2017','- Konsumsi Rapat',23040000,0,0,0,0,0,0,0,0,0,0,0,0,'','0000-00-00 00:00:00','',0),(29,'061','DKA','2017','Pembinaan dan Pengawasan Manajemen Energi di Industri dan Bangunan Gedung',2093521000,0,0,0,0,0,0,0,0,0,0,0,0,'','0000-00-00 00:00:00','',0),(29,'524114','DKE','2017','Belanja Perjalanan Dinas Paket Meeting Dalam Kota',32000000,0,0,0,0,0,0,0,0,0,0,0,0,'','0000-00-00 00:00:00','',0),(29,'','DKK','2017','- Konsumsi Rapat',15600000,0,0,0,0,0,0,0,0,0,0,0,0,'','0000-00-00 00:00:00','',0),(29,'524119','DKP','2017','Belanja Perjalanan Dinas Paket Meeting Luar Kota',88745000,0,0,0,0,0,0,0,0,0,0,0,0,'','0000-00-00 00:00:00','',0),(29,'521213','DKT','2017','Honor Output Kegiatan',142500000,0,0,0,0,0,0,0,0,0,0,0,0,'','0000-00-00 00:00:00','',0),(30,'521211','DKA','2017','Belanja Bahan',72275000,0,0,0,0,0,0,0,0,0,0,0,0,'','0000-00-00 00:00:00','',0),(30,'524119','DKE','2017','Belanja Perjalanan Dinas Paket Meeting Luar Kota',111478000,0,0,0,0,0,0,0,0,0,0,0,0,'','0000-00-00 00:00:00','',0),(30,'','DKK','2017','- Penggandaan Materi Workshop dan Penjilidan Laporan',126000000,0,0,0,0,0,0,0,0,0,0,0,0,'','0000-00-00 00:00:00','',0),(30,'053','DKP','2017','Pelaksanaan Market Survay Peralatan Hemat Energi di Sektor Rumah Tangga',1321385000,0,0,0,0,0,0,0,0,0,0,0,0,'','0000-00-00 00:00:00','',0),(30,'521811 ','DKT','2017','Belanja Barang Untuk Persediaan Barang konsumsi',9281000,0,0,0,0,0,0,0,0,0,0,0,0,'','0000-00-00 00:00:00','',0),(31,'','DKA','2017','- Konsumsi Rapat',20400000,0,0,0,0,0,0,0,0,0,0,0,0,'','0000-00-00 00:00:00','',0),(31,'058','DKE','2017','Pelaksanaan Investment Grade Energi Audit',0,0,0,0,0,0,0,0,0,0,0,0,0,'','0000-00-00 00:00:00','',0),(31,'521213','DKK','2017','Honor Output Kegiatan',157000000,0,0,0,0,0,0,0,0,0,0,0,0,'','0000-00-00 00:00:00','',0),(31,'521211','DKP','2017','Belanja Bahan',10660000,0,0,0,0,0,0,0,0,0,0,0,0,'','0000-00-00 00:00:00','',0),(31,'522151','DKT','2017','Belanja Jasa Profesi',43200000,0,0,0,0,0,0,0,0,0,0,0,0,'','0000-00-00 00:00:00','',0),(32,'','DKA','2017','- Penggandaan Materi dan Pembuatan Laporan , Foto Copy, Penjilidan',51875000,0,0,0,0,0,0,0,0,0,0,0,0,'','0000-00-00 00:00:00','',0),(32,'522131','DKE','2017','Belanja Jasa Konsultan',2400091000,0,0,0,0,0,0,0,0,0,0,0,0,'','0000-00-00 00:00:00','',0),(32,'521811 ','DKK','2017','Belanja Barang Untuk Persediaan Barang konsumsi',9000000,0,0,0,0,0,0,0,0,0,0,0,0,'','0000-00-00 00:00:00','',0),(32,'','DKP','2017','- Penggandaan dan Penjilidan dokumen  rapat, dan Laporan dan pencetakan buku',2500000,0,0,0,0,0,0,0,0,0,0,0,0,'','0000-00-00 00:00:00','',0),(32,'524111','DKT','2017','Belanja Perjalanan Biasa',74532000,0,0,0,0,0,0,0,0,0,0,0,0,'','0000-00-00 00:00:00','',0),(33,'521213','DKA','2017','Honor Output Kegiatan',152500000,0,0,0,0,0,0,0,0,0,0,0,0,'','0000-00-00 00:00:00','',0),(33,'','DKE','2017','- Belanja Konsultan IGA Sektor Industri',1200091000,0,0,0,0,0,0,0,0,0,0,0,0,'','0000-00-00 00:00:00','',0),(33,'522151','DKK','2017','Belanja Jasa Profesi',254000000,0,0,0,0,0,0,0,0,0,0,0,0,'','0000-00-00 00:00:00','',0),(33,'','DKP','2017','- Konsumsi Rapat',8160000,0,0,0,0,0,0,0,0,0,0,0,0,'','0000-00-00 00:00:00','',0),(33,'524113','DKT','2017','Belanja Perjalanan Dinas Dalam Kota',6150000,0,0,0,0,0,0,0,0,0,0,0,0,'','0000-00-00 00:00:00','',0),(34,'521811 ','DKA','2017','Belanja Barang Untuk Persediaan Barang konsumsi',7933000,0,0,0,0,0,0,0,0,0,0,0,0,'','0000-00-00 00:00:00','',0),(34,'','DKE','2017','- Belanja Konsultan IGA Sektor Bangunan Gedung',1200000000,0,0,0,0,0,0,0,0,0,0,0,0,'','0000-00-00 00:00:00','',0),(34,'522191','DKK','2017','Belanja Jasa Lainnya',305116000,0,0,0,0,0,0,0,0,0,0,0,0,'','0000-00-00 00:00:00','',0),(34,'521213','DKP','2017','Honor Output Kegiatan',152500000,0,0,0,0,0,0,0,0,0,0,0,0,'','0000-00-00 00:00:00','',0),(34,'524114','DKT','2017','Belanja Perjalanan Dinas Paket Meeting Dalam Kota',14800000,0,0,0,0,0,0,0,0,0,0,0,0,'','0000-00-00 00:00:00','',0),(35,'522141','DKA','2017','Belanja Sewa ',15682000,0,0,0,0,0,0,0,0,0,0,0,0,'','0000-00-00 00:00:00','',0),(35,'063','DKE','2017','Capacity Building Efficeincy Energy Untuk Lembaga Keuangan',285927000,0,0,0,0,0,0,0,0,0,0,0,0,'','0000-00-00 00:00:00','',0),(35,'524111','DKK','2017','Belanja Perjalanan Biasa',200000000,0,0,0,0,0,0,0,0,0,0,0,0,'','0000-00-00 00:00:00','',0),(35,'521811 ','DKP','2017','Belanja Barang Untuk Persediaan Barang konsumsi',8334000,0,0,0,0,0,0,0,0,0,0,0,0,'','0000-00-00 00:00:00','',0),(35,'524119','DKT','2017','Belanja Perjalanan Dinas Paket Meeting Luar Kota',62279000,0,0,0,0,0,0,0,0,0,0,0,0,'','0000-00-00 00:00:00','',0),(36,'522151','DKA','2017','Belanja Jasa Profesi',434300000,0,0,0,0,0,0,0,0,0,0,0,0,'','0000-00-00 00:00:00','',0),(36,'521211','DKE','2017','Belanja Bahan',21120000,0,0,0,0,0,0,0,0,0,0,0,0,'','0000-00-00 00:00:00','',0),(36,'524113','DKK','2017','Belanja Perjalanan Dinas dalam Kota',30000000,0,0,0,0,0,0,0,0,0,0,0,0,'','0000-00-00 00:00:00','',0),(36,'522131','DKP','2017','Belanja Jasa Konsultan (Penyusunan Data dan Informasi Konservasi Energi di Sektor Bangunan Gedung Komersial)',970000000,0,0,0,0,0,0,0,0,0,0,0,0,'','0000-00-00 00:00:00','',0),(36,'055','DKT','2017','Penyusunan Draft SNI Konservasi Energi pada Bangunan Gedung',360349000,0,0,0,0,0,0,0,0,0,0,0,0,'','0000-00-00 00:00:00','',0),(37,'522191','DKA','2017','Belanja Jasa Lainnya',141840000,0,0,0,0,0,0,0,0,0,0,0,0,'','0000-00-00 00:00:00','',0),(37,'','DKE','2017','- Konsumsi Rapat',0,0,0,0,0,0,0,0,0,0,0,0,0,'','0000-00-00 00:00:00','',0),(37,'524114','DKK','2017','Belanja Perjalanan Dinas Paket Meeting Dalam Kota',199200000,0,0,0,0,0,0,0,0,0,0,0,0,'','0000-00-00 00:00:00','',0),(37,'522151','DKP','2017','Belanja Jasa Profesi',50000000,0,0,0,0,0,0,0,0,0,0,0,0,'','0000-00-00 00:00:00','',0),(37,'521211','DKT','2017','Belanja Bahan',25160000,0,0,0,0,0,0,0,0,0,0,0,0,'','0000-00-00 00:00:00','',0),(38,'524111','DKA','2017','Belanja Perjalanan Biasa',169249000,0,0,0,0,0,0,0,0,0,0,0,0,'','0000-00-00 00:00:00','',0),(38,'521811 ','DKE','2017','Belanja Barang Untuk Persediaan Barang konsumsi',6874000,0,0,0,0,0,0,0,0,0,0,0,0,'','0000-00-00 00:00:00','',0),(38,'524119','DKK','2017','Belanja Perjalanan Dinas Paket Meeting Luar Kota',389000000,0,0,0,0,0,0,0,0,0,0,0,0,'','0000-00-00 00:00:00','',0),(38,'524111','DKP','2017','Belanja Perjalanan Biasa',70042000,0,0,0,0,0,0,0,0,0,0,0,0,'','0000-00-00 00:00:00','',0),(38,'','DKT','2017','- Fotokopi, bahan rapat, pencetakan, penjilidan',2120000,0,0,0,0,0,0,0,0,0,0,0,0,'','0000-00-00 00:00:00','',0),(39,'524114','DKA','2017','Belanja Perjalanan Dinas Paket Meeting Dalam Kota',105000000,0,0,0,0,0,0,0,0,0,0,0,0,'','0000-00-00 00:00:00','',0),(39,'522151','DKE','2017','Belanja Jasa Profesi',46200000,0,0,0,0,0,0,0,0,0,0,0,0,'','0000-00-00 00:00:00','',0),(39,'524211','DKK','2017','Belanja Perjalanan Biasa-Luar Negeri',1650000000,0,0,0,0,0,0,0,0,0,0,0,0,'','0000-00-00 00:00:00','',0),(39,'524119','DKP','2017','Belanja Perjalanan Dinas Paket Meeting Luar Kota',59849000,0,0,0,0,0,0,0,0,0,0,0,0,'','0000-00-00 00:00:00','',0),(39,'','DKT','2017','- Konsumsi Rapat',23040000,0,0,0,0,0,0,0,0,0,0,0,0,'','0000-00-00 00:00:00','',0),(40,'524119','DKA','2017','Belanja Perjalanan Dinas Paket Meeting Luar Kota',994742000,0,0,0,0,0,0,0,0,0,0,0,0,'','0000-00-00 00:00:00','',0),(40,'522191','DKE','2017','Belanja Jasa Lainnya',27400000,0,0,0,0,0,0,0,0,0,0,0,0,'','0000-00-00 00:00:00','',0),(40,'056','DKK','2017','Penyelenggaraan Kegiatan Penghargaan Efisiensi Nasional',3327350000,0,0,0,0,0,0,0,0,0,0,0,0,'','0000-00-00 00:00:00','',0),(40,'521213','DKT','2017','Honor Output Kegiatan',142500000,0,0,0,0,0,0,0,0,0,0,0,0,'','0000-00-00 00:00:00','',0),(41,'524111','DKE','2017','Belanja Perjalanan Biasa',103933000,0,0,0,0,0,0,0,0,0,0,0,0,'','0000-00-00 00:00:00','',0),(41,'521211','DKK','2017','Belanja Bahan',59350000,0,0,0,0,0,0,0,0,0,0,0,0,'','0000-00-00 00:00:00','',0),(41,'521811 ','DKT','2017','Belanja Barang Untuk Persediaan Barang konsumsi',9232000,0,0,0,0,0,0,0,0,0,0,0,0,'','0000-00-00 00:00:00','',0),(42,'524114','DKE','2017','Belanja Perjalanan Dinas Paket Meeting Dalam Kota',30680000,0,0,0,0,0,0,0,0,0,0,0,0,'','0000-00-00 00:00:00','',0),(42,'','DKK','2017','- Konsumsi Rapat',5850000,0,0,0,0,0,0,0,0,0,0,0,0,'','0000-00-00 00:00:00','',0),(42,'522151','DKT','2017','Belanja Jasa Profesi',63000000,0,0,0,0,0,0,0,0,0,0,0,0,'','0000-00-00 00:00:00','',0),(43,'524119','DKE','2017','Belanja Perjalanan Dinas Paket Meeting Luar Kota',49720000,0,0,0,0,0,0,0,0,0,0,0,0,'','0000-00-00 00:00:00','',0),(43,'','DKK','2017','- Penggandaan Materi Workshop,  dan Penjilidan Laporan dll.',53500000,0,0,0,0,0,0,0,0,0,0,0,0,'','0000-00-00 00:00:00','',0),(43,'524111','DKT','2017','Belanja Perjalanan Biasa',34066000,0,0,0,0,0,0,0,0,0,0,0,0,'','0000-00-00 00:00:00','',0),(44,'064','DKE','2017','Penyusunan SKEMA Insentif Produsen Peralatan Hemat Energi',598753000,0,0,0,0,0,0,0,0,0,0,0,0,'','0000-00-00 00:00:00','',0),(44,'521213','DKK','2017','Honor Output Kegiatan',359750000,0,0,0,0,0,0,0,0,0,0,0,0,'','0000-00-00 00:00:00','',0),(44,'524113','DKT','2017','Belanja Perjalanan Dinas Dalam Kota',9150000,0,0,0,0,0,0,0,0,0,0,0,0,'','0000-00-00 00:00:00','',0),(45,'521211','DKE','2017','Belanja Bahan',11520000,0,0,0,0,0,0,0,0,0,0,0,0,'','0000-00-00 00:00:00','',0),(45,'521811 ','DKK','2017','Belanja Barang Untuk Persediaan Barang konsumsi',9000000,0,0,0,0,0,0,0,0,0,0,0,0,'','0000-00-00 00:00:00','',0),(45,'524114','DKT','2017','Belanja Perjalanan Dinas Paket Meeting Dalam Kota',14800000,0,0,0,0,0,0,0,0,0,0,0,0,'','0000-00-00 00:00:00','',0),(46,'','DKE','2017','- Konsumsi Rapat',0,0,0,0,0,0,0,0,0,0,0,0,0,'','0000-00-00 00:00:00','',0),(46,'522131','DKK','2017','Belanja Jasa Konsultan (Penyuntingan Makalah Energy Award2017)',47350000,0,0,0,0,0,0,0,0,0,0,0,0,'','0000-00-00 00:00:00','',0),(46,'524119','DKT','2017','Belanja Perjalanan Dinas Paket Meeting Luar Kota',62441000,0,0,0,0,0,0,0,0,0,0,0,0,'','0000-00-00 00:00:00','',0),(47,'521213','DKE','2017','Honor Output Kegiatan',353500000,0,0,0,0,0,0,0,0,0,0,0,0,'','0000-00-00 00:00:00','',0),(47,'522151','DKK','2017','Belanja Jasa Profesi',169900000,0,0,0,0,0,0,0,0,0,0,0,0,'','0000-00-00 00:00:00','',0),(47,'011.051','DKT','2017','Penerapan Efisinei Energi',636868000,0,0,0,0,0,0,0,0,0,0,0,0,'','0000-00-00 00:00:00','',0),(48,'521811 ','DKE','2017','Belanja Barang Untuk Persediaan Barang konsumsi',9000000,0,0,0,0,0,0,0,0,0,0,0,0,'','0000-00-00 00:00:00','',0),(48,'522191','DKK','2017','Belanja Jasa Lainnya',2125560000,0,0,0,0,0,0,0,0,0,0,0,0,'','0000-00-00 00:00:00','',0),(48,'521211','DKT','2017','Belanja Bahan',25209000,0,0,0,0,0,0,0,0,0,0,0,0,'','0000-00-00 00:00:00','',0),(49,'522131','DKE','2017','Belanja Jasa Konsultan',60000000,0,0,0,0,0,0,0,0,0,0,0,0,'','0000-00-00 00:00:00','',0),(49,'524111','DKK','2017','Belanja Perjalanan Biasa',190000000,0,0,0,0,0,0,0,0,0,0,0,0,'','0000-00-00 00:00:00','',0),(49,'','DKT','2017','- Fotokopi Bahan Rapat, Pencetakan, Penjilidan',2169000,0,0,0,0,0,0,0,0,0,0,0,0,'','0000-00-00 00:00:00','',0),(50,'522151','DKE','2017','Belanja Jasa Profesi',39200000,0,0,0,0,0,0,0,0,0,0,0,0,'','0000-00-00 00:00:00','',0),(50,'524113','DKK','2017','Belanja Perjalanan Dinas dalam Kota',9000000,0,0,0,0,0,0,0,0,0,0,0,0,'','0000-00-00 00:00:00','',0),(50,'','DKT','2017','- Konsumsi Rapat',23040000,0,0,0,0,0,0,0,0,0,0,0,0,'','0000-00-00 00:00:00','',0),(51,'524111','DKE','2017','Belanja Perjalanan Biasa',103933000,0,0,0,0,0,0,0,0,0,0,0,0,'','0000-00-00 00:00:00','',0),(51,'524119','DKK','2017','Belanja Perjalanan Dinas Paket Meeting Luar Kota',357440000,0,0,0,0,0,0,0,0,0,0,0,0,'','0000-00-00 00:00:00','',0),(51,'521213','DKT','2017','Honor Output Kegiatan',142500000,0,0,0,0,0,0,0,0,0,0,0,0,'','0000-00-00 00:00:00','',0),(52,'524114','DKE','2017','Belanja Perjalanan Dinas Paket Meeting Dalam Kota',21600000,0,0,0,0,0,0,0,0,0,0,0,0,'','0000-00-00 00:00:00','',0),(52,'012.057','DKK','2017','Pelaksanaan Kegiatan Penggerak Energi Tanah Airt ESDM 2017',1235697000,0,0,0,0,0,0,0,0,0,0,0,0,'','0000-00-00 00:00:00','',0),(52,'521811 ','DKT','2017','Belanja Barang Untuk Persediaan Barang konsumsi',9921000,0,0,0,0,0,0,0,0,0,0,0,0,'','0000-00-00 00:00:00','',0),(53,'521211','DKK','2017','Belanja Bahan',181850000,0,0,0,0,0,0,0,0,0,0,0,0,'','0000-00-00 00:00:00','',0),(53,'522141','DKT','2017','Belanja Sewa',22100000,0,0,0,0,0,0,0,0,0,0,0,0,'','0000-00-00 00:00:00','',0),(54,'','DKK','2017','- Konsumsi Rapat',5850000,0,0,0,0,0,0,0,0,0,0,0,0,'','0000-00-00 00:00:00','',0),(54,'522151','DKT','2017','Belanja Jasa Profesi',70200000,0,0,0,0,0,0,0,0,0,0,0,0,'','0000-00-00 00:00:00','',0),(55,'','DKK','2017','- Penggandaan Merchandise untuk pameran,  dan Penjilidan Laporan dll.',176000000,0,0,0,0,0,0,0,0,0,0,0,0,'','0000-00-00 00:00:00','',0),(55,'524111','DKT','2017','Belanja Perjalanan Biasa',300028000,0,0,0,0,0,0,0,0,0,0,0,0,'','0000-00-00 00:00:00','',0),(56,'521213','DKK','2017','Honor Output Kegiatan',353500000,0,0,0,0,0,0,0,0,0,0,0,0,'','0000-00-00 00:00:00','',0),(56,'524113','DKT','2017','Belanja Perjalanan Dinas dalam Kota',3000000,0,0,0,0,0,0,0,0,0,0,0,0,'','0000-00-00 00:00:00','',0),(57,'521811 ','DKK','2017','Belanja Barang Untuk Persediaan Barang konsumsi',9000000,0,0,0,0,0,0,0,0,0,0,0,0,'','0000-00-00 00:00:00','',0),(57,'524114','DKT','2017','Belanja Perjalanan Dinas Paket Meeting Dalam Kota',14800000,0,0,0,0,0,0,0,0,0,0,0,0,'','0000-00-00 00:00:00','',0),(58,'522151','DKK','2017','Belanja Jasa Profesi',52800000,0,0,0,0,0,0,0,0,0,0,0,0,'','0000-00-00 00:00:00','',0),(58,'524119','DKT','2017','Belanja Perjalanan Dinas Paket Meeting Luar Kota',49110000,0,0,0,0,0,0,0,0,0,0,0,0,'','0000-00-00 00:00:00','',0),(59,'522191','DKK','2017','Belanja Jasa Lainnya',295870000,0,0,0,0,0,0,0,0,0,0,0,0,'','0000-00-00 00:00:00','',0),(59,'052','DKT','2017','Pemasangan Sistem Monitoring Konsumsi Energi dan Penggantian LampuLED di Lingkungan Kementerian ESDM ',5199080000,0,0,0,0,0,0,0,0,0,0,0,0,'','0000-00-00 00:00:00','',0),(60,'524111','DKK','2017','Belanja Perjalanan Biasa',150000000,0,0,0,0,0,0,0,0,0,0,0,0,'','0000-00-00 00:00:00','',0),(60,'532111','DKT','2017','Belanja Modal Peralatan dan Mesin',5199080000,0,0,0,0,0,0,0,0,0,0,0,0,'','0000-00-00 00:00:00','',0),(61,'524113','DKK','2017','Belanja Perjalanan Dinas dalam Kota',75000000,0,0,0,0,0,0,0,0,0,0,0,0,'','0000-00-00 00:00:00','',0),(61,'053','DKT','2017','Monitoring Terhadap Pencapaian Emisi Gas Rumah Kaca (GRK) RAN-RAD',474755000,0,0,0,0,0,0,0,0,0,0,0,0,'','0000-00-00 00:00:00','',0),(62,'524119','DKK','2017','Belanja Perjalanan Dinas Paket Meeting Luar Kota',117677000,0,0,0,0,0,0,0,0,0,0,0,0,'','0000-00-00 00:00:00','',0),(62,'521211','DKT','2017','Belanja Bahan',25228000,0,0,0,0,0,0,0,0,0,0,0,0,'','0000-00-00 00:00:00','',0),(63,'','DKT','2017','- Fotokopi Bahan Rapat, Pencetakan, Penjilidan',2188000,0,0,0,0,0,0,0,0,0,0,0,0,'','0000-00-00 00:00:00','',0),(64,'','DKT','2017','- Konsumsi Rapat',23040000,0,0,0,0,0,0,0,0,0,0,0,0,'','0000-00-00 00:00:00','',0),(65,'521213','DKT','2017','Honor Output Kegiatan',142500000,0,0,0,0,0,0,0,0,0,0,0,0,'','0000-00-00 00:00:00','',0),(66,'521811 ','DKT','2017','Belanja Barang Untuk Persediaan Barang konsumsi',8433000,0,0,0,0,0,0,0,0,0,0,0,0,'','0000-00-00 00:00:00','',0),(67,'522151','DKT','2017','Belanja Jasa Profesi',70200000,0,0,0,0,0,0,0,0,0,0,0,0,'','0000-00-00 00:00:00','',0),(68,'524111','DKT','2017','Belanja Perjalanan Biasa',147124000,0,0,0,0,0,0,0,0,0,0,0,0,'','0000-00-00 00:00:00','',0),(69,'524113','DKT','2017','Belanja Perjalanan Dinas dalam Kota',4500000,0,0,0,0,0,0,0,0,0,0,0,0,'','0000-00-00 00:00:00','',0),(70,'524114','DKT','2017','Belanja Perjalanan Dinas Paket Meeting Dalam Kota',22200000,0,0,0,0,0,0,0,0,0,0,0,0,'','0000-00-00 00:00:00','',0),(71,'524119','DKT','2017','Belanja Perjalanan Dinas Paket Meeting Luar Kota',54570000,0,0,0,0,0,0,0,0,0,0,0,0,'','0000-00-00 00:00:00','',0);

/*Table structure for table `rkk4l_d1p4_r34l1s4s1_3ntr1` */

DROP TABLE IF EXISTS `rkk4l_d1p4_r34l1s4s1_3ntr1`;

CREATE TABLE `rkk4l_d1p4_r34l1s4s1_3ntr1` (
  `id_rkkal_entri` int(11) NOT NULL AUTO_INCREMENT,
  `id_rkkal` int(11) NOT NULL,
  `kd_subdir` varchar(3) NOT NULL DEFAULT '',
  `thn_anggaran` varchar(15) NOT NULL DEFAULT '',
  `kegiatan` text NOT NULL,
  `peserta` text NOT NULL,
  `lokasi` varchar(255) NOT NULL DEFAULT '',
  `tanggal` varchar(50) NOT NULL DEFAULT '-',
  `tri_wulan` varchar(2) NOT NULL DEFAULT '-',
  `biaya` bigint(20) NOT NULL DEFAULT '0',
  PRIMARY KEY (`id_rkkal_entri`,`id_rkkal`,`kd_subdir`,`thn_anggaran`)
) ENGINE=InnoDB AUTO_INCREMENT=8 DEFAULT CHARSET=latin1;

/*Data for the table `rkk4l_d1p4_r34l1s4s1_3ntr1` */

insert  into `rkk4l_d1p4_r34l1s4s1_3ntr1`(`id_rkkal_entri`,`id_rkkal`,`kd_subdir`,`thn_anggaran`,`kegiatan`,`peserta`,`lokasi`,`tanggal`,`tri_wulan`,`biaya`) values (2,1,'DKA','DKA2017','Melaksanakan Rapat terkait target Jumlah Auditor dan Manajer Energi x','- LSP HAKE, LSP Energi, LSP BPSDM, BNSP, PPSDM, seluruh kasubdit DEK','DEK, Jakarta','2018-01-18 - 2018-01-18','I',1100000),(3,5,'DKA','DKA2017','Follow Up Surat DEK terkait pemukhtahiran Data Industri > 6000 TOE','DJ Migas, DJ Minerba, DJ Gatrik','DJ. Migas, DJ Minerba, DJ Gatrik Jakarta','2018-01-15 - 2018-01-15','I',1900000),(4,2,'DKA','DKA2017','Kunjungan Lapangan dalam Rangka Verifikasi Pelaksanaan Manajemen Energi, dan verifikasi data Industri 6000 TOE (Sesuai Surat balasan Kadis ESDM Kaltim)','3 Orang Tim Pengawasan Manajemen Energi','Kalimantan Timur','2018-01-30 - 2018-02-01','I',5000000),(5,3,'DKA','DKA2017','Workshop Monitoring dan Evaluasi Manajemen Energi Pada Sektor Industri dan Bangunan Gedung (1)','Industri yang terkait menggunakan energi 6000 TOE dan sosialisasi POME ( 30 Undangan)','Bogor','2018-02-13 - 2018-02-15','',10000000),(6,3,'DKA','DKA2017','Workshop Monitoring dan Evaluasi Manajemen Energi Pada Sektor Industri dan Bangunan Gedung (1)','Industri yang terkait menggunakan energi 6000 TOE dan sosialisasi POME ( 30 Undangan)','Banten','2018-02-27 - 2018-03-01','I',7000000),(7,1,'DKA','DKA2017','Kunjungan Lapangan dalam Rangka Verifikasi Pelaksanaan Manajemen Energi, dan verifikasi data Industri 6000 TOE ','3 Orang Tim Pengawasan Manajemen Energi','Jakarta','2018-01-21 - 2018-01-31','I',15000000);

/*Table structure for table `rkk4l_d1p4_r34l1s4s1_r3k4p` */

DROP TABLE IF EXISTS `rkk4l_d1p4_r34l1s4s1_r3k4p`;

CREATE TABLE `rkk4l_d1p4_r34l1s4s1_r3k4p` (
  `kd_subdir` char(3) NOT NULL DEFAULT '',
  `thn_anggaran` varchar(15) NOT NULL DEFAULT '',
  `01` bigint(20) NOT NULL,
  `02` bigint(20) NOT NULL,
  `03` bigint(20) NOT NULL,
  `04` bigint(20) NOT NULL,
  `05` bigint(20) NOT NULL,
  `06` bigint(20) NOT NULL,
  `07` bigint(20) NOT NULL,
  `08` bigint(20) NOT NULL,
  `09` bigint(20) NOT NULL,
  `10` bigint(20) NOT NULL,
  `11` bigint(20) NOT NULL,
  `12` bigint(20) NOT NULL,
  `id_user` char(11) NOT NULL,
  `wkt_input` datetime NOT NULL,
  `ip_input` varchar(20) NOT NULL DEFAULT '',
  `revisi` int(3) DEFAULT NULL,
  PRIMARY KEY (`kd_subdir`,`thn_anggaran`)
) ENGINE=InnoDB DEFAULT CHARSET=utf8;

/*Data for the table `rkk4l_d1p4_r34l1s4s1_r3k4p` */

/*Table structure for table `rkk4l_d1p4_r3v1s1` */

DROP TABLE IF EXISTS `rkk4l_d1p4_r3v1s1`;

CREATE TABLE `rkk4l_d1p4_r3v1s1` (
  `id_rkkal` int(3) NOT NULL,
  `kd_apbn` varchar(20) NOT NULL DEFAULT '',
  `kd_subdir` char(3) NOT NULL DEFAULT '',
  `thn_anggaran` varchar(15) NOT NULL DEFAULT '',
  `uraian_kegiatan` text NOT NULL,
  `volume` int(10) DEFAULT NULL,
  `satuan` varchar(25) NOT NULL DEFAULT '',
  `harga_satuan` bigint(20) DEFAULT NULL,
  `jumlah` bigint(20) DEFAULT NULL,
  `anggaran` bigint(20) DEFAULT NULL,
  `file_rkkal` varchar(20) NOT NULL DEFAULT '',
  `id_user` char(11) NOT NULL DEFAULT '',
  `wkt_input` datetime DEFAULT NULL,
  `ip_input` varchar(20) NOT NULL DEFAULT '',
  `revisi` int(3) DEFAULT NULL,
  PRIMARY KEY (`id_rkkal`,`kd_subdir`,`thn_anggaran`)
) ENGINE=InnoDB DEFAULT CHARSET=utf8;

/*Data for the table `rkk4l_d1p4_r3v1s1` */

insert  into `rkk4l_d1p4_r3v1s1`(`id_rkkal`,`kd_apbn`,`kd_subdir`,`thn_anggaran`,`uraian_kegiatan`,`volume`,`satuan`,`harga_satuan`,`jumlah`,`anggaran`,`file_rkkal`,`id_user`,`wkt_input`,`ip_input`,`revisi`) values (1,'057','DKA','2017','Pembinaan dan Pengawasan Pealaksanaan Labelisasi Taanda Hemat Energi pada Rumah Tangga',NULL,'',NULL,NULL,1068516000,'','BIS','2017-10-25 16:00:00','172.16.152.43',1),(1,'010.054','DKE','2017','Penyiaapan Insentif Efisiensi Energi',NULL,'',NULL,NULL,337925000,'','BIS','2017-10-25 16:00:00','172.16.152.43',1),(1,'012.051','DKK','2017','Sosialisasi Program Konservasi Energi di Sekolah Dasar',NULL,'',NULL,NULL,2100000000,'','BIS','2017-10-25 16:00:00','172.16.152.43',1),(1,'009.051','DKP','2017','Penyusunan Draft Regulasi Konservasi Energi (Draft Revisi PP 70/2009)',NULL,'',NULL,NULL,731006000,'','BIS','2017-10-25 16:00:00','172.16.152.43',1),(1,'009.052','DKT','2017','Penyusunan Draft SKEM dan Pembubuhan Label Tanda Hemat Energi',NULL,'',NULL,NULL,710906000,'','BIS','2017-10-25 16:00:00','172.16.152.43',1),(2,'521211','DKA','2017','Belanja Bahan',NULL,'',NULL,NULL,35650000,'','BIS','2017-10-25 16:00:00','172.16.152.43',1),(2,'521211','DKE','2017','Belanja Bahan',NULL,'',NULL,NULL,14031000,'','BIS','2017-10-25 16:00:00','172.16.152.43',1),(2,'522191','DKK','2017','Belanja Jasa Lainnya',NULL,'',NULL,NULL,2100000000,'','BIS','2017-10-25 16:00:00','172.16.152.43',1),(2,'521211','DKP','2017','Belanja Bahan',NULL,'',NULL,NULL,23650000,'','BIS','2017-10-25 16:00:00','172.16.152.43',1),(2,'521211','DKT','2017','Belanja Bahan',NULL,'',NULL,NULL,19028000,'','BIS','2017-10-25 16:00:00','172.16.152.43',1),(3,'','DKA','2017','- Konsumsi Rapat',NULL,'',NULL,NULL,20400000,'','BIS','2017-10-25 16:00:00','172.16.152.43',1),(3,'','DKE','2017','- Konsumsi Rapat',NULL,'',NULL,NULL,11520000,'','BIS','2017-10-25 16:00:00','172.16.152.43',1),(3,'052','DKK','2017','Pelaksanaan Bimbingan Teknis dan Penyuluhan Konservasi Energi',NULL,'',NULL,NULL,2609756000,'','BIS','2017-10-25 16:00:00','172.16.152.43',1),(3,'','DKP','2017','Konsumsi Rapat',NULL,'',NULL,NULL,NULL,'','BIS','2017-10-25 16:00:00','172.16.152.43',1),(3,'','DKT','2017','- Fotokopi, bahan rapat, pencetakan, penjilidan',NULL,'',NULL,NULL,1748000,'','BIS','2017-10-25 16:00:00','172.16.152.43',1),(4,'','DKA','2017','- Penggandaan Materi dan Pembuatan Laporan , Foto Copy, Penjilidan',NULL,'',NULL,NULL,15250000,'','BIS','2017-10-25 16:00:00','172.16.152.43',1),(4,'','DKE','2017','- Biaya Pencetakan Laporan Akhir',NULL,'',NULL,NULL,2511000,'','BIS','2017-10-25 16:00:00','172.16.152.43',1),(4,'521211','DKK','2017','Belanja Bahan',NULL,'',NULL,NULL,306380000,'','BIS','2017-10-25 16:00:00','172.16.152.43',1),(4,'521213','DKP','2017','Honor Output Kegiatan',NULL,'',NULL,NULL,353500000,'','BIS','2017-10-25 16:00:00','172.16.152.43',1),(4,'','DKT','2017','- Konsumsi Rapat',NULL,'',NULL,NULL,17280000,'','BIS','2017-10-25 16:00:00','172.16.152.43',1),(5,'521213','DKA','2017','Honor Output Kegiatan',NULL,'',NULL,NULL,152500000,'','BIS','2017-10-25 16:00:00','172.16.152.43',1),(5,'521213','DKE','2017','Honor Output Kegiatan',NULL,'',NULL,NULL,157000000,'','BIS','2017-10-25 16:00:00','172.16.152.43',1),(5,'','DKK','2017','- Konsumsi Rapat',NULL,'',NULL,NULL,5850000,'','BIS','2017-10-25 16:00:00','172.16.152.43',1),(5,'521811','DKP','2017','Belanja Barang Untuk Persediaan Barang konsumsi',NULL,'',NULL,NULL,9480000,'','BIS','2017-10-25 16:00:00','172.16.152.43',1),(5,'521213','DKT','2017','Honor Output Kegiatan',NULL,'',NULL,NULL,341000000,'','BIS','2017-10-25 16:00:00','172.16.152.43',1),(6,'521219','DKA','2017','Belanja Barang Non Operasional Lainnya',NULL,'',NULL,NULL,50000000,'','BIS','2017-10-25 16:00:00','172.16.152.43',1),(6,'521811 ','DKE','2017','Belanja Barang Untuk Persediaan Barang konsumsi',NULL,'',NULL,NULL,9075000,'','BIS','2017-10-25 16:00:00','172.16.152.43',1),(6,'','DKK','2017','- Penggandaan Materi , Pencetakan, dan Penjilidan Laporan',NULL,'',NULL,NULL,300530000,'','BIS','2017-10-25 16:00:00','172.16.152.43',1),(6,'522151','DKP','2017','Belanja Jasa Profesi',NULL,'',NULL,NULL,242700000,'','BIS','2017-10-25 16:00:00','172.16.152.43',1),(6,'521219','DKT','2017','Belanja Barang Non Operasional Lainnya',NULL,'',NULL,NULL,10000000,'','BIS','2017-10-25 16:00:00','172.16.152.43',1),(7,'521811 ','DKA','2017','Belanja Barang Untuk Persediaan Barang konsumsi',NULL,'',NULL,NULL,8895000,'','BIS','2017-10-25 16:00:00','172.16.152.43',1),(7,'522151','DKE','2017','Belanja Jasa Profesi',NULL,'',NULL,NULL,39600000,'','BIS','2017-10-25 16:00:00','172.16.152.43',1),(7,'521213','DKK','2017','Honor Output Kegiatan',NULL,'',NULL,NULL,186500000,'','BIS','2017-10-25 16:00:00','172.16.152.43',1),(7,'524111','DKP','2017','Belanja Perjalanan Biasa',NULL,'',NULL,NULL,41546000,'','BIS','2017-10-25 16:00:00','172.16.152.43',1),(7,'521811 ','DKT','2017','Belanja Barang Untuk Persediaan Barang konsumsi',NULL,'',NULL,NULL,9937000,'','BIS','2017-10-25 16:00:00','172.16.152.43',1),(8,'522141','DKA','2017','Belanja Sewa ',NULL,'',NULL,NULL,15682000,'','BIS','2017-10-25 16:00:00','172.16.152.43',1),(8,'524111','DKE','2017','Belanja Perjalanan Biasa',NULL,'',NULL,NULL,115219000,'','BIS','2017-10-25 16:00:00','172.16.152.43',1),(8,'521811 ','DKK','2017','Belanja Barang Untuk Persediaan Barang konsumsi',NULL,'',NULL,NULL,9000000,'','BIS','2017-10-25 16:00:00','172.16.152.43',1),(8,'524119','DKP','2017','Belanja Perjalanan Dinas Paket Meeting Luar Kota',NULL,'',NULL,NULL,60130000,'','BIS','2017-10-25 16:00:00','172.16.152.43',1),(8,'522151','DKT','2017','Belanja Jasa Profesi',NULL,'',NULL,NULL,79200000,'','BIS','2017-10-25 16:00:00','172.16.152.43',1),(9,'522151','DKA','2017','Belanja Jasa Profesi',NULL,'',NULL,NULL,98600000,'','BIS','2017-10-25 16:00:00','172.16.152.43',1),(9,'524114','DKE','2017','Belanja Perjalanan Dinas Paket Meeting Dalam Kota',NULL,'',NULL,NULL,3000000,'','BIS','2017-10-25 16:00:00','172.16.152.43',1),(9,'522151','DKK','2017','Belanja Jasa Profesi',NULL,'',NULL,NULL,367200000,'','BIS','2017-10-25 16:00:00','172.16.152.43',1),(9,'010. 051','DKP','2017','Koordinasi dan Konsultasi Dalam Rangka Percepatan Penerapan Konservasi Energi',NULL,'',NULL,NULL,1200163000,'','BIS','2017-10-25 16:00:00','172.16.152.43',1),(9,'522191','DKT','2017','Belanjan Jasa lainnya',NULL,'',NULL,NULL,30000000,'','BIS','2017-10-25 16:00:00','172.16.152.43',1),(10,'522191','DKA','2017','Belanja Jasa Lainnya',NULL,'',NULL,NULL,287831000,'','BIS','2017-10-25 16:00:00','172.16.152.43',1),(10,'055','DKE','2017','Penyiapan Investasi Efisiensi Energi Sektor Industri dan Bangunan ',NULL,'',NULL,NULL,522450000,'','BIS','2017-10-25 16:00:00','172.16.152.43',1),(10,'522191','DKK','2017','Belanja Jasa Lainnya',NULL,'',NULL,NULL,360416000,'','BIS','2017-10-25 16:00:00','172.16.152.43',1),(10,'521211','DKP','2017','Belanja Bahan',NULL,'',NULL,NULL,31320000,'','BIS','2017-10-25 16:00:00','172.16.152.43',1),(10,'524111','DKT','2017','Belanja Perjalanan Biasa',NULL,'',NULL,NULL,67936000,'','BIS','2017-10-25 16:00:00','172.16.152.43',1),(11,'524111','DKA','2017','Belanja Perjalanan Biasa',NULL,'',NULL,NULL,201438000,'','BIS','2017-10-25 16:00:00','172.16.152.43',1),(11,'521211','DKE','2017','Belanja Bahan',NULL,'',NULL,NULL,7168000,'','BIS','2017-10-25 16:00:00','172.16.152.43',1),(11,'524111','DKK','2017','Belanja Perjalanan Biasa',NULL,'',NULL,NULL,180000000,'','BIS','2017-10-25 16:00:00','172.16.152.43',1),(11,'','DKP','2017','- Penggandaan dan Penjilidan dokumen  rapat, dan Laporan',NULL,'',NULL,NULL,15000000,'','BIS','2017-10-25 16:00:00','172.16.152.43',1),(11,'524113','DKT','2017','Belanja Perjalanan Dinas Dalam Kota',NULL,'',NULL,NULL,4200000,'','BIS','2017-10-25 16:00:00','172.16.152.43',1),(12,'524114','DKA','2017','Belanja Perjalanan Dinas Paket Meeting Dalam Kota',NULL,'',NULL,NULL,26250000,'','BIS','2017-10-25 16:00:00','172.16.152.43',1),(12,'','DKE','2017','Konsumsi Rapat',NULL,'',NULL,NULL,NULL,'','BIS','2017-10-25 16:00:00','172.16.152.43',1),(12,'524113','DKK','2017','Belanja Perjalanan Dinas dalam Kota',NULL,'',NULL,NULL,9000000,'','BIS','2017-10-25 16:00:00','172.16.152.43',1),(12,'','DKP','2017','- Konsumsi Rapat',NULL,'',NULL,NULL,16320000,'','BIS','2017-10-25 16:00:00','172.16.152.43',1),(12,'524114','DKT','2017','Belanja Perjalanan Dinas Paket Meeting Dalam Kota',NULL,'',NULL,NULL,28000000,'','BIS','2017-10-25 16:00:00','172.16.152.43',1),(13,'524119','DKA','2017','Belanja Perjalanan Dinas Paket Meeting Luar Kota',NULL,'',NULL,NULL,191670000,'','BIS','2017-10-25 16:00:00','172.16.152.43',1),(13,'521213','DKE','2017','Honor Output Kegiatan',NULL,'',NULL,NULL,152500000,'','BIS','2017-10-25 16:00:00','172.16.152.43',1),(13,'524119','DKK','2017','Belanja Perjalanan Dinas Paket Meeting Luar Kota',NULL,'',NULL,NULL,1191260000,'','BIS','2017-10-25 16:00:00','172.16.152.43',1),(13,'521213','DKP','2017','Honor Output Kegiatan',NULL,'',NULL,NULL,353500000,'','BIS','2017-10-25 16:00:00','172.16.152.43',1),(13,'524119','DKT','2017','Belanja Perjalanan Dinas Paket Meeting Luar Kota',NULL,'',NULL,NULL,121605000,'','BIS','2017-10-25 16:00:00','172.16.152.43',1),(14,'059','DKA','2017','Pemantauan dan Evaluasi Pelaksanaan Penghematan Energi di Instansi Pemerintah',NULL,'',NULL,NULL,981346000,'','BIS','2017-10-25 16:00:00','172.16.152.43',1),(14,'521811 ','DKE','2017','Belanja Barang Untuk Persediaan Barang konsumsi',NULL,'',NULL,NULL,9870000,'','BIS','2017-10-25 16:00:00','172.16.152.43',1),(14,'053','DKK','2017','Publikasi Konservasi Energi Pada Masyarakat Umum',NULL,'',NULL,NULL,20234650000,'','BIS','2017-10-25 16:00:00','172.16.152.43',1),(14,'521811 ','DKP','2017','Belanja Barang Untuk Persediaan Barang konsumsi',NULL,'',NULL,NULL,8409000,'','BIS','2017-10-25 16:00:00','172.16.152.43',1),(14,'053','DKT','2017','Penyusunan Draft SNI di Bidang  Konservasi Energi',NULL,'',NULL,NULL,390040000,'','BIS','2017-10-25 16:00:00','172.16.152.43',1),(15,'521211','DKA','2017','Belanja Bahan',NULL,'',NULL,NULL,45600000,'','BIS','2017-10-25 16:00:00','172.16.152.43',1),(15,'522131','DKE','2017','Belanja Jasa Konsultan (Tenaga Ahli Ekonomi)',NULL,'',NULL,NULL,80000000,'','BIS','2017-10-25 16:00:00','172.16.152.43',1),(15,'521211','DKK','2017','Belanja Bahan',NULL,'',NULL,NULL,152750000,'','BIS','2017-10-25 16:00:00','172.16.152.43',1),(15,'522141','DKP','2017','Belanja Sewa (Sewa kendaraan Roda Empat)',NULL,'',NULL,NULL,7508000,'','BIS','2017-10-25 16:00:00','172.16.152.43',1),(15,'521211','DKT','2017','Belanja Bahan',NULL,'',NULL,NULL,26043000,'','BIS','2017-10-25 16:00:00','172.16.152.43',1),(16,'','DKA','2017','- Konsumsi Rapat',NULL,'',NULL,NULL,30600000,'','BIS','2017-10-25 16:00:00','172.16.152.43',1),(16,'522151','DKE','2017','Belanja Jasa Profesi',NULL,'',NULL,NULL,56000000,'','BIS','2017-10-25 16:00:00','172.16.152.43',1),(16,'','DKK','2017','- Konsumsi Rapat',NULL,'',NULL,NULL,9750000,'','BIS','2017-10-25 16:00:00','172.16.152.43',1),(16,'522151','DKP','2017','Belanja Jasa Profesi',NULL,'',NULL,NULL,173000000,'','BIS','2017-10-25 16:00:00','172.16.152.43',1),(16,'','DKT','2017','- Fotokopi, bahan rapat, pencetakan, penjilidan',NULL,'',NULL,NULL,3003000,'','BIS','2017-10-25 16:00:00','172.16.152.43',1),(17,'','DKA','2017','- Penggandaan Materi dan Pembuatan Laporan , Foto Copy, Penjilidan',NULL,'',NULL,NULL,15000000,'','BIS','2017-10-25 16:00:00','172.16.152.43',1),(17,'524111','DKE','2017','Belanja Perjalanan Biasa',NULL,'',NULL,NULL,48512000,'','BIS','2017-10-25 16:00:00','172.16.152.43',1),(17,'','DKK','2017','- Penggandaan, Pencetakan, Pembelian Bahan SNI dan Penjilidan Laporan',NULL,'',NULL,NULL,143000000,'','BIS','2017-10-25 16:00:00','172.16.152.43',1),(17,'524111','DKP','2017','Belanja Perjalanan Biasa',NULL,'',NULL,NULL,230126000,'','BIS','2017-10-25 16:00:00','172.16.152.43',1),(17,'','DKT','2017','- Konsumsi Rapat',NULL,'',NULL,NULL,23040000,'','BIS','2017-10-25 16:00:00','172.16.152.43',1),(18,'521213','DKA','2017','Honor Output Kegiatan',NULL,'',NULL,NULL,357600000,'','BIS','2017-10-25 16:00:00','172.16.152.43',1),(18,'524114','DKE','2017','Belanja Perjalanan Dinas Paket Meeting Dalam Kota',NULL,'',NULL,NULL,78000000,'','BIS','2017-10-25 16:00:00','172.16.152.43',1),(18,'521213','DKK','2017','Honor Output Kegiatan',NULL,'',NULL,NULL,157000000,'','BIS','2017-10-25 16:00:00','172.16.152.43',1),(18,'524113','DKP','2017','Belanja Perjalanan Dinas Dalam Kota',NULL,'',NULL,NULL,9000000,'','BIS','2017-10-25 16:00:00','172.16.152.43',1),(18,'521213','DKT','2017','Honor Output Kegiatan',NULL,'',NULL,NULL,142500000,'','BIS','2017-10-25 16:00:00','172.16.152.43',1),(19,'521811 ','DKA','2017','Belanja Barang Untuk Persediaan Barang konsumsi',NULL,'',NULL,NULL,9944000,'','BIS','2017-10-25 16:00:00','172.16.152.43',1),(19,'524119','DKE','2017','Belanja Perjalanan Dinas Paket Meeting Luar Kota',NULL,'',NULL,NULL,90400000,'','BIS','2017-10-25 16:00:00','172.16.152.43',1),(19,'521811 ','DKK','2017','Belanja Barang Untuk Persediaan Barang konsumsi',NULL,'',NULL,NULL,9000000,'','BIS','2017-10-25 16:00:00','172.16.152.43',1),(19,'524114','DKP','2017','Belanja Perjalanan Dinas Paket Meeting Dalam Kota',NULL,'',NULL,NULL,82880000,'','BIS','2017-10-25 16:00:00','172.16.152.43',1),(19,'521811 ','DKT','2017','Belanja Barang Untuk Persediaan Barang konsumsi',NULL,'',NULL,NULL,7423000,'','BIS','2017-10-25 16:00:00','172.16.152.43',1),(20,'522141','DKA','2017','Belanja Sewa ',NULL,'',NULL,NULL,15144000,'','BIS','2017-10-25 16:00:00','172.16.152.43',1),(20,'056','DKE','2017','Penyusunan PedomanPembiayaan Investasi Efisienssi Energi',NULL,'',NULL,NULL,421180000,'','BIS','2017-10-25 16:00:00','172.16.152.43',1),(20,'522131','DKK','2017','Belanja Jasa Konsultan (Duta Konservasi Energi)',NULL,'',NULL,NULL,120000000,'','BIS','2017-10-25 16:00:00','172.16.152.43',1),(20,'524119','DKP','2017','Belanja Perjalanan Dinas Paket Meeting Luar Kota',NULL,'',NULL,NULL,304420000,'','BIS','2017-10-25 16:00:00','172.16.152.43',1),(20,'522151','DKT','2017','Belanja Jasa Profesi',NULL,'',NULL,NULL,72000000,'','BIS','2017-10-25 16:00:00','172.16.152.43',1),(21,'522151','DKA','2017','Belanja Jasa Profesi',NULL,'',NULL,NULL,102600000,'','BIS','2017-10-25 16:00:00','172.16.152.43',1),(21,'521211','DKE','2017','Belanja Bahan',NULL,'',NULL,NULL,25600000,'','BIS','2017-10-25 16:00:00','172.16.152.43',1),(21,'522191','DKK','2017','Belanja Jasa Lainnya',NULL,'',NULL,NULL,19506900000,'','BIS','2017-10-25 16:00:00','172.16.152.43',1),(21,'052','DKP','2017','Penyusunan Data dan Informasi Konservasi Energi',NULL,'',NULL,NULL,3083546000,'','BIS','2017-10-25 16:00:00','172.16.152.43',1),(21,'524111','DKT','2017','Belanja Perjalanan Biasa',NULL,'',NULL,NULL,50833000,'','BIS','2017-10-25 16:00:00','172.16.152.43',1),(22,'522191','DKA','2017','Belanja Jasa Lainnya',NULL,'',NULL,NULL,38699000,'','BIS','2017-10-25 16:00:00','172.16.152.43',1),(22,'','DKE','2017','Konsumsi Rapat',NULL,'',NULL,NULL,NULL,'','BIS','2017-10-25 16:00:00','172.16.152.43',1),(22,'524111','DKK','2017','Belanja Perjalanan Biasa',NULL,'',NULL,NULL,280000000,'','BIS','2017-10-25 16:00:00','172.16.152.43',1),(22,'521211','DKP','2017','Belanja Bahan',NULL,'',NULL,NULL,263240000,'','BIS','2017-10-25 16:00:00','172.16.152.43',1),(22,'524113','DKT','2017','Belanja Perjalanan Dinas Dalam Kota',NULL,'',NULL,NULL,3750000,'','BIS','2017-10-25 16:00:00','172.16.152.43',1),(23,'524111','DKA','2017','Belanja Perjalanan Biasa',NULL,'',NULL,NULL,195452000,'','BIS','2017-10-25 16:00:00','172.16.152.43',1),(23,'521213','DKE','2017','Honor Output Kegiatan',NULL,'',NULL,NULL,152500000,'','BIS','2017-10-25 16:00:00','172.16.152.43',1),(23,'524113','DKK','2017','Belanja Perjalanan Dinas dalam Kota',NULL,'',NULL,NULL,9000000,'','BIS','2017-10-25 16:00:00','172.16.152.43',1),(23,'','DKP','2017','- Penggandaan dan Penjilidan dokumen  rapat, dan Laporan dan pencetakan buku',NULL,'',NULL,NULL,251000000,'','BIS','2017-10-25 16:00:00','172.16.152.43',1),(23,'524114','DKT','2017','Belanja Perjalanan Dinas Paket Meeting Dalam Kota',NULL,'',NULL,NULL,22200000,'','BIS','2017-10-25 16:00:00','172.16.152.43',1),(24,'524114','DKA','2017','Belanja Perjalanan Dinas Paket Meeting Dalam Kota',NULL,'',NULL,NULL,28000000,'','BIS','2017-10-25 16:00:00','172.16.152.43',1),(24,'521811 ','DKE','2017','Belanja Barang Untuk Persediaan Barang konsumsi',NULL,'',NULL,NULL,8489000,'','BIS','2017-10-25 16:00:00','172.16.152.43',1),(24,'054','DKK','2017','Penyelenggaraan Lomba Hemat Energi di Sekolah Untuk SMP dan SMA',NULL,'',NULL,NULL,4110000000,'','BIS','2017-10-25 16:00:00','172.16.152.43',1),(24,'','DKP','2017','- Konsumsi Rapat',NULL,'',NULL,NULL,12240000,'','BIS','2017-10-25 16:00:00','172.16.152.43',1),(24,'524119','DKT','2017','Belanja Perjalanan Dinas Paket Meeting Luar Kota',NULL,'',NULL,NULL,65291000,'','BIS','2017-10-25 16:00:00','172.16.152.43',1),(25,'524119','DKA','2017','Belanja Perjalanan Dinas Paket Meeting Luar Kota',NULL,'',NULL,NULL,188307000,'','BIS','2017-10-25 16:00:00','172.16.152.43',1),(25,'522151','DKE','2017','Belanja Jasa Profesi',NULL,'',NULL,NULL,52500000,'','BIS','2017-10-25 16:00:00','172.16.152.43',1),(25,'522191','DKK','2017','Belanja Jasa Lainnya',NULL,'',NULL,NULL,NULL,'','BIS','2017-10-25 16:00:00','172.16.152.43',1),(25,'521213','DKP','2017','Honor Output Kegiatan',NULL,'',NULL,NULL,152500000,'','BIS','2017-10-25 16:00:00','172.16.152.43',1),(25,'054','DKT','2017','Penyusunan Draft Perpres Penerapan Building Energy Management System Secara Wajib di Bangunan Gedung Pemerintah',NULL,'',NULL,NULL,377902000,'','BIS','2017-10-25 16:00:00','172.16.152.43',1),(26,'060','DKA','2017','Pelaksanaan Audit Energi di Bangunan Gedung Pemerintah',NULL,'',NULL,NULL,NULL,'','BIS','2017-10-25 16:00:00','172.16.152.43',1),(26,'522191','DKE','2017','Belanja Jasa Lainnya',NULL,'',NULL,NULL,10000000,'','BIS','2017-10-25 16:00:00','172.16.152.43',1),(26,'','DKK','2017','Lomba Hemat Energi di Rumah dan Sekolah untuk SMP dan SMA',NULL,'',NULL,NULL,4110000000,'','BIS','2017-10-25 16:00:00','172.16.152.43',1),(26,'521811 ','DKP','2017','Belanja Barang Untuk Persediaan Barang konsumsi',NULL,'',NULL,NULL,8075000,'','BIS','2017-10-25 16:00:00','172.16.152.43',1),(26,'521211','DKT','2017','Belanja Bahan',NULL,'',NULL,NULL,25160000,'','BIS','2017-10-25 16:00:00','172.16.152.43',1),(27,'522131','DKA','2017','Belanja Jasa Konsultan',NULL,'',NULL,NULL,940555000,'','BIS','2017-10-25 16:00:00','172.16.152.43',1),(27,'524111','DKE','2017','Belanja Perjalanan Biasa',NULL,'',NULL,NULL,25813000,'','BIS','2017-10-25 16:00:00','172.16.152.43',1),(27,'055','DKK','2017','Pelaksanaan Kerjasama Bidang Konservasi Energi',NULL,'',NULL,NULL,3334916000,'','BIS','2017-10-25 16:00:00','172.16.152.43',1),(27,'522131','DKP','2017','Belanja Jasa Konsultan (Penyusunan Data dan Informasi Konservasi Energi di Sektor Bangunan Gedung Komersial)',NULL,'',NULL,NULL,2500000000,'','BIS','2017-10-25 16:00:00','172.16.152.43',1),(27,'','DKT','2017','- Fotokopi, bahan rapat, pencetakan, penjilidan',NULL,'',NULL,NULL,2120000,'','BIS','2017-10-25 16:00:00','172.16.152.43',1),(28,'','DKA','2017','Audit Energi di Bangunan Gedung Pemerintah',NULL,'',NULL,NULL,NULL,'','BIS','2017-10-25 16:00:00','172.16.152.43',1),(28,'524113','DKE','2017','Belanja Perjalanan Dinas dalam Kota',NULL,'',NULL,NULL,2800000,'','BIS','2017-10-25 16:00:00','172.16.152.43',1),(28,'521211','DKK','2017','Belanja Bahan',NULL,'',NULL,NULL,141600000,'','BIS','2017-10-25 16:00:00','172.16.152.43',1),(28,'524111','DKP','2017','Belanja Perjalanan Biasa',NULL,'',NULL,NULL,70986000,'','BIS','2017-10-25 16:00:00','172.16.152.43',1),(28,'','DKT','2017','- Konsumsi Rapat',NULL,'',NULL,NULL,23040000,'','BIS','2017-10-25 16:00:00','172.16.152.43',1),(29,'061','DKA','2017','Pembinaan dan Pengawasan Manajemen Energi di Industri dan Bangunan Gedung',NULL,'',NULL,NULL,2093521000,'','BIS','2017-10-25 16:00:00','172.16.152.43',1),(29,'524114','DKE','2017','Belanja Perjalanan Dinas Paket Meeting Dalam Kota',NULL,'',NULL,NULL,32000000,'','BIS','2017-10-25 16:00:00','172.16.152.43',1),(29,'','DKK','2017','- Konsumsi Rapat',NULL,'',NULL,NULL,15600000,'','BIS','2017-10-25 16:00:00','172.16.152.43',1),(29,'524119','DKP','2017','Belanja Perjalanan Dinas Paket Meeting Luar Kota',NULL,'',NULL,NULL,88745000,'','BIS','2017-10-25 16:00:00','172.16.152.43',1),(29,'521213','DKT','2017','Honor Output Kegiatan',NULL,'',NULL,NULL,142500000,'','BIS','2017-10-25 16:00:00','172.16.152.43',1),(30,'521211','DKA','2017','Belanja Bahan',NULL,'',NULL,NULL,72275000,'','BIS','2017-10-25 16:00:00','172.16.152.43',1),(30,'524119','DKE','2017','Belanja Perjalanan Dinas Paket Meeting Luar Kota',NULL,'',NULL,NULL,111478000,'','BIS','2017-10-25 16:00:00','172.16.152.43',1),(30,'','DKK','2017','- Penggandaan Materi Workshop dan Penjilidan Laporan',NULL,'',NULL,NULL,126000000,'','BIS','2017-10-25 16:00:00','172.16.152.43',1),(30,'053','DKP','2017','Pelaksanaan Market Survay Peralatan Hemat Energi di Sektor Rumah Tangga',NULL,'',NULL,NULL,1321385000,'','BIS','2017-10-25 16:00:00','172.16.152.43',1),(30,'521811 ','DKT','2017','Belanja Barang Untuk Persediaan Barang konsumsi',NULL,'',NULL,NULL,9281000,'','BIS','2017-10-25 16:00:00','172.16.152.43',1),(31,'','DKA','2017','- Konsumsi Rapat',NULL,'',NULL,NULL,20400000,'','BIS','2017-10-25 16:00:00','172.16.152.43',1),(31,'058','DKE','2017','Pelaksanaan Investment Grade Energi Audit',NULL,'',NULL,NULL,NULL,'','BIS','2017-10-25 16:00:00','172.16.152.43',1),(31,'521213','DKK','2017','Honor Output Kegiatan',NULL,'',NULL,NULL,157000000,'','BIS','2017-10-25 16:00:00','172.16.152.43',1),(31,'521211','DKP','2017','Belanja Bahan',NULL,'',NULL,NULL,10660000,'','BIS','2017-10-25 16:00:00','172.16.152.43',1),(31,'522151','DKT','2017','Belanja Jasa Profesi',NULL,'',NULL,NULL,43200000,'','BIS','2017-10-25 16:00:00','172.16.152.43',1),(32,'','DKA','2017','- Penggandaan Materi dan Pembuatan Laporan , Foto Copy, Penjilidan',NULL,'',NULL,NULL,51875000,'','BIS','2017-10-25 16:00:00','172.16.152.43',1),(32,'522131','DKE','2017','Belanja Jasa Konsultan',NULL,'',NULL,NULL,2400091000,'','BIS','2017-10-25 16:00:00','172.16.152.43',1),(32,'521811 ','DKK','2017','Belanja Barang Untuk Persediaan Barang konsumsi',NULL,'',NULL,NULL,9000000,'','BIS','2017-10-25 16:00:00','172.16.152.43',1),(32,'','DKP','2017','- Penggandaan dan Penjilidan dokumen  rapat, dan Laporan dan pencetakan buku',NULL,'',NULL,NULL,2500000,'','BIS','2017-10-25 16:00:00','172.16.152.43',1),(32,'524111','DKT','2017','Belanja Perjalanan Biasa',NULL,'',NULL,NULL,74532000,'','BIS','2017-10-25 16:00:00','172.16.152.43',1),(33,'521213','DKA','2017','Honor Output Kegiatan',NULL,'',NULL,NULL,152500000,'','BIS','2017-10-25 16:00:00','172.16.152.43',1),(33,'','DKE','2017','- Belanja Konsultan IGA Sektor Industri',NULL,'',NULL,NULL,1200091000,'','BIS','2017-10-25 16:00:00','172.16.152.43',1),(33,'522151','DKK','2017','Belanja Jasa Profesi',NULL,'',NULL,NULL,254000000,'','BIS','2017-10-25 16:00:00','172.16.152.43',1),(33,'','DKP','2017','- Konsumsi Rapat',NULL,'',NULL,NULL,8160000,'','BIS','2017-10-25 16:00:00','172.16.152.43',1),(33,'524113','DKT','2017','Belanja Perjalanan Dinas Dalam Kota',NULL,'',NULL,NULL,6150000,'','BIS','2017-10-25 16:00:00','172.16.152.43',1),(34,'521811 ','DKA','2017','Belanja Barang Untuk Persediaan Barang konsumsi',NULL,'',NULL,NULL,7933000,'','BIS','2017-10-25 16:00:00','172.16.152.43',1),(34,'','DKE','2017','- Belanja Konsultan IGA Sektor Bangunan Gedung',NULL,'',NULL,NULL,1200000000,'','BIS','2017-10-25 16:00:00','172.16.152.43',1),(34,'522191','DKK','2017','Belanja Jasa Lainnya',NULL,'',NULL,NULL,305116000,'','BIS','2017-10-25 16:00:00','172.16.152.43',1),(34,'521213','DKP','2017','Honor Output Kegiatan',NULL,'',NULL,NULL,152500000,'','BIS','2017-10-25 16:00:00','172.16.152.43',1),(34,'524114','DKT','2017','Belanja Perjalanan Dinas Paket Meeting Dalam Kota',NULL,'',NULL,NULL,14800000,'','BIS','2017-10-25 16:00:00','172.16.152.43',1),(35,'522141','DKA','2017','Belanja Sewa ',NULL,'',NULL,NULL,15682000,'','BIS','2017-10-25 16:00:00','172.16.152.43',1),(35,'063','DKE','2017','Capacity Building Efficeincy Energy Untuk Lembaga Keuangan',NULL,'',NULL,NULL,285927000,'','BIS','2017-10-25 16:00:00','172.16.152.43',1),(35,'524111','DKK','2017','Belanja Perjalanan Biasa',NULL,'',NULL,NULL,200000000,'','BIS','2017-10-25 16:00:00','172.16.152.43',1),(35,'521811 ','DKP','2017','Belanja Barang Untuk Persediaan Barang konsumsi',NULL,'',NULL,NULL,8334000,'','BIS','2017-10-25 16:00:00','172.16.152.43',1),(35,'524119','DKT','2017','Belanja Perjalanan Dinas Paket Meeting Luar Kota',NULL,'',NULL,NULL,62279000,'','BIS','2017-10-25 16:00:00','172.16.152.43',1),(36,'522151','DKA','2017','Belanja Jasa Profesi',NULL,'',NULL,NULL,434300000,'','BIS','2017-10-25 16:00:00','172.16.152.43',1),(36,'521211','DKE','2017','Belanja Bahan',NULL,'',NULL,NULL,21120000,'','BIS','2017-10-25 16:00:00','172.16.152.43',1),(36,'524113','DKK','2017','Belanja Perjalanan Dinas dalam Kota',NULL,'',NULL,NULL,30000000,'','BIS','2017-10-25 16:00:00','172.16.152.43',1),(36,'522131','DKP','2017','Belanja Jasa Konsultan (Penyusunan Data dan Informasi Konservasi Energi di Sektor Bangunan Gedung Komersial)',NULL,'',NULL,NULL,970000000,'','BIS','2017-10-25 16:00:00','172.16.152.43',1),(36,'055','DKT','2017','Penyusunan Draft SNI Konservasi Energi pada Bangunan Gedung',NULL,'',NULL,NULL,360349000,'','BIS','2017-10-25 16:00:00','172.16.152.43',1),(37,'522191','DKA','2017','Belanja Jasa Lainnya',NULL,'',NULL,NULL,141840000,'','BIS','2017-10-25 16:00:00','172.16.152.43',1),(37,'','DKE','2017','- Konsumsi Rapat',NULL,'',NULL,NULL,NULL,'','BIS','2017-10-25 16:00:00','172.16.152.43',1),(37,'524114','DKK','2017','Belanja Perjalanan Dinas Paket Meeting Dalam Kota',NULL,'',NULL,NULL,199200000,'','BIS','2017-10-25 16:00:00','172.16.152.43',1),(37,'522151','DKP','2017','Belanja Jasa Profesi',NULL,'',NULL,NULL,50000000,'','BIS','2017-10-25 16:00:00','172.16.152.43',1),(37,'521211','DKT','2017','Belanja Bahan',NULL,'',NULL,NULL,25160000,'','BIS','2017-10-25 16:00:00','172.16.152.43',1),(38,'524111','DKA','2017','Belanja Perjalanan Biasa',NULL,'',NULL,NULL,169249000,'','BIS','2017-10-25 16:00:00','172.16.152.43',1),(38,'521811 ','DKE','2017','Belanja Barang Untuk Persediaan Barang konsumsi',NULL,'',NULL,NULL,6874000,'','BIS','2017-10-25 16:00:00','172.16.152.43',1),(38,'524119','DKK','2017','Belanja Perjalanan Dinas Paket Meeting Luar Kota',NULL,'',NULL,NULL,389000000,'','BIS','2017-10-25 16:00:00','172.16.152.43',1),(38,'524111','DKP','2017','Belanja Perjalanan Biasa',NULL,'',NULL,NULL,70042000,'','BIS','2017-10-25 16:00:00','172.16.152.43',1),(38,'','DKT','2017','- Fotokopi, bahan rapat, pencetakan, penjilidan',NULL,'',NULL,NULL,2120000,'','BIS','2017-10-25 16:00:00','172.16.152.43',1),(39,'524114','DKA','2017','Belanja Perjalanan Dinas Paket Meeting Dalam Kota',NULL,'',NULL,NULL,105000000,'','BIS','2017-10-25 16:00:00','172.16.152.43',1),(39,'522151','DKE','2017','Belanja Jasa Profesi',NULL,'',NULL,NULL,46200000,'','BIS','2017-10-25 16:00:00','172.16.152.43',1),(39,'524211','DKK','2017','Belanja Perjalanan Biasa-Luar Negeri',NULL,'',NULL,NULL,1650000000,'','BIS','2017-10-25 16:00:00','172.16.152.43',1),(39,'524119','DKP','2017','Belanja Perjalanan Dinas Paket Meeting Luar Kota',NULL,'',NULL,NULL,59849000,'','BIS','2017-10-25 16:00:00','172.16.152.43',1),(39,'','DKT','2017','- Konsumsi Rapat',NULL,'',NULL,NULL,23040000,'','BIS','2017-10-25 16:00:00','172.16.152.43',1),(40,'524119','DKA','2017','Belanja Perjalanan Dinas Paket Meeting Luar Kota',NULL,'',NULL,NULL,994742000,'','BIS','2017-10-25 16:00:00','172.16.152.43',1),(40,'522191','DKE','2017','Belanja Jasa Lainnya',NULL,'',NULL,NULL,27400000,'','BIS','2017-10-25 16:00:00','172.16.152.43',1),(40,'056','DKK','2017','Penyelenggaraan Kegiatan Penghargaan Efisiensi Nasional',NULL,'',NULL,NULL,3327350000,'','BIS','2017-10-25 16:00:00','172.16.152.43',1),(40,'521213','DKT','2017','Honor Output Kegiatan',NULL,'',NULL,NULL,142500000,'','BIS','2017-10-25 16:00:00','172.16.152.43',1),(41,'524111','DKE','2017','Belanja Perjalanan Biasa',NULL,'',NULL,NULL,103933000,'','BIS','2017-10-25 16:00:00','172.16.152.43',1),(41,'521211','DKK','2017','Belanja Bahan',NULL,'',NULL,NULL,59350000,'','BIS','2017-10-25 16:00:00','172.16.152.43',1),(41,'521811 ','DKT','2017','Belanja Barang Untuk Persediaan Barang konsumsi',NULL,'',NULL,NULL,9232000,'','BIS','2017-10-25 16:00:00','172.16.152.43',1),(42,'524114','DKE','2017','Belanja Perjalanan Dinas Paket Meeting Dalam Kota',NULL,'',NULL,NULL,30680000,'','BIS','2017-10-25 16:00:00','172.16.152.43',1),(42,'','DKK','2017','- Konsumsi Rapat',NULL,'',NULL,NULL,5850000,'','BIS','2017-10-25 16:00:00','172.16.152.43',1),(42,'522151','DKT','2017','Belanja Jasa Profesi',NULL,'',NULL,NULL,63000000,'','BIS','2017-10-25 16:00:00','172.16.152.43',1),(43,'524119','DKE','2017','Belanja Perjalanan Dinas Paket Meeting Luar Kota',NULL,'',NULL,NULL,49720000,'','BIS','2017-10-25 16:00:00','172.16.152.43',1),(43,'','DKK','2017','- Penggandaan Materi Workshop,  dan Penjilidan Laporan dll.',NULL,'',NULL,NULL,53500000,'','BIS','2017-10-25 16:00:00','172.16.152.43',1),(43,'524111','DKT','2017','Belanja Perjalanan Biasa',NULL,'',NULL,NULL,34066000,'','BIS','2017-10-25 16:00:00','172.16.152.43',1),(44,'064','DKE','2017','Penyusunan SKEMA Insentif Produsen Peralatan Hemat Energi',NULL,'',NULL,NULL,598753000,'','BIS','2017-10-25 16:00:00','172.16.152.43',1),(44,'521213','DKK','2017','Honor Output Kegiatan',NULL,'',NULL,NULL,359750000,'','BIS','2017-10-25 16:00:00','172.16.152.43',1),(44,'524113','DKT','2017','Belanja Perjalanan Dinas Dalam Kota',NULL,'',NULL,NULL,9150000,'','BIS','2017-10-25 16:00:00','172.16.152.43',1),(45,'521211','DKE','2017','Belanja Bahan',NULL,'',NULL,NULL,11520000,'','BIS','2017-10-25 16:00:00','172.16.152.43',1),(45,'521811 ','DKK','2017','Belanja Barang Untuk Persediaan Barang konsumsi',NULL,'',NULL,NULL,9000000,'','BIS','2017-10-25 16:00:00','172.16.152.43',1),(45,'524114','DKT','2017','Belanja Perjalanan Dinas Paket Meeting Dalam Kota',NULL,'',NULL,NULL,14800000,'','BIS','2017-10-25 16:00:00','172.16.152.43',1),(46,'','DKE','2017','- Konsumsi Rapat',NULL,'',NULL,NULL,NULL,'','BIS','2017-10-25 16:00:00','172.16.152.43',1),(46,'522131','DKK','2017','Belanja Jasa Konsultan (Penyuntingan Makalah Energy Award2017)',NULL,'',NULL,NULL,47350000,'','BIS','2017-10-25 16:00:00','172.16.152.43',1),(46,'524119','DKT','2017','Belanja Perjalanan Dinas Paket Meeting Luar Kota',NULL,'',NULL,NULL,62441000,'','BIS','2017-10-25 16:00:00','172.16.152.43',1),(47,'521213','DKE','2017','Honor Output Kegiatan',NULL,'',NULL,NULL,353500000,'','BIS','2017-10-25 16:00:00','172.16.152.43',1),(47,'522151','DKK','2017','Belanja Jasa Profesi',NULL,'',NULL,NULL,169900000,'','BIS','2017-10-25 16:00:00','172.16.152.43',1),(47,'011.051','DKT','2017','Penerapan Efisinei Energi',NULL,'',NULL,NULL,636868000,'','BIS','2017-10-25 16:00:00','172.16.152.43',1),(48,'521811 ','DKE','2017','Belanja Barang Untuk Persediaan Barang konsumsi',NULL,'',NULL,NULL,9000000,'','BIS','2017-10-25 16:00:00','172.16.152.43',1),(48,'522191','DKK','2017','Belanja Jasa Lainnya',NULL,'',NULL,NULL,2125560000,'','BIS','2017-10-25 16:00:00','172.16.152.43',1),(48,'521211','DKT','2017','Belanja Bahan',NULL,'',NULL,NULL,25209000,'','BIS','2017-10-25 16:00:00','172.16.152.43',1),(49,'522131','DKE','2017','Belanja Jasa Konsultan',NULL,'',NULL,NULL,60000000,'','BIS','2017-10-25 16:00:00','172.16.152.43',1),(49,'524111','DKK','2017','Belanja Perjalanan Biasa',NULL,'',NULL,NULL,190000000,'','BIS','2017-10-25 16:00:00','172.16.152.43',1),(49,'','DKT','2017','- Fotokopi Bahan Rapat, Pencetakan, Penjilidan',NULL,'',NULL,NULL,2169000,'','BIS','2017-10-25 16:00:00','172.16.152.43',1),(50,'522151','DKE','2017','Belanja Jasa Profesi',NULL,'',NULL,NULL,39200000,'','BIS','2017-10-25 16:00:00','172.16.152.43',1),(50,'524113','DKK','2017','Belanja Perjalanan Dinas dalam Kota',NULL,'',NULL,NULL,9000000,'','BIS','2017-10-25 16:00:00','172.16.152.43',1),(50,'','DKT','2017','- Konsumsi Rapat',NULL,'',NULL,NULL,23040000,'','BIS','2017-10-25 16:00:00','172.16.152.43',1),(51,'524111','DKE','2017','Belanja Perjalanan Biasa',NULL,'',NULL,NULL,103933000,'','BIS','2017-10-25 16:00:00','172.16.152.43',1),(51,'524119','DKK','2017','Belanja Perjalanan Dinas Paket Meeting Luar Kota',NULL,'',NULL,NULL,357440000,'','BIS','2017-10-25 16:00:00','172.16.152.43',1),(51,'521213','DKT','2017','Honor Output Kegiatan',NULL,'',NULL,NULL,142500000,'','BIS','2017-10-25 16:00:00','172.16.152.43',1),(52,'524114','DKE','2017','Belanja Perjalanan Dinas Paket Meeting Dalam Kota',NULL,'',NULL,NULL,21600000,'','BIS','2017-10-25 16:00:00','172.16.152.43',1),(52,'012.057','DKK','2017','Pelaksanaan Kegiatan Penggerak Energi Tanah Airt ESDM 2017',NULL,'',NULL,NULL,1235697000,'','BIS','2017-10-25 16:00:00','172.16.152.43',1),(52,'521811 ','DKT','2017','Belanja Barang Untuk Persediaan Barang konsumsi',NULL,'',NULL,NULL,9921000,'','BIS','2017-10-25 16:00:00','172.16.152.43',1),(53,'521211','DKK','2017','Belanja Bahan',NULL,'',NULL,NULL,181850000,'','BIS','2017-10-25 16:00:00','172.16.152.43',1),(53,'522141','DKT','2017','Belanja Sewa',NULL,'',NULL,NULL,22100000,'','BIS','2017-10-25 16:00:00','172.16.152.43',1),(54,'','DKK','2017','- Konsumsi Rapat',NULL,'',NULL,NULL,5850000,'','BIS','2017-10-25 16:00:00','172.16.152.43',1),(54,'522151','DKT','2017','Belanja Jasa Profesi',NULL,'',NULL,NULL,70200000,'','BIS','2017-10-25 16:00:00','172.16.152.43',1),(55,'','DKK','2017','- Penggandaan Merchandise untuk pameran,  dan Penjilidan Laporan dll.',NULL,'',NULL,NULL,176000000,'','BIS','2017-10-25 16:00:00','172.16.152.43',1),(55,'524111','DKT','2017','Belanja Perjalanan Biasa',NULL,'',NULL,NULL,300028000,'','BIS','2017-10-25 16:00:00','172.16.152.43',1),(56,'521213','DKK','2017','Honor Output Kegiatan',NULL,'',NULL,NULL,353500000,'','BIS','2017-10-25 16:00:00','172.16.152.43',1),(56,'524113','DKT','2017','Belanja Perjalanan Dinas dalam Kota',NULL,'',NULL,NULL,3000000,'','BIS','2017-10-25 16:00:00','172.16.152.43',1),(57,'521811 ','DKK','2017','Belanja Barang Untuk Persediaan Barang konsumsi',NULL,'',NULL,NULL,9000000,'','BIS','2017-10-25 16:00:00','172.16.152.43',1),(57,'524114','DKT','2017','Belanja Perjalanan Dinas Paket Meeting Dalam Kota',NULL,'',NULL,NULL,14800000,'','BIS','2017-10-25 16:00:00','172.16.152.43',1),(58,'522151','DKK','2017','Belanja Jasa Profesi',NULL,'',NULL,NULL,52800000,'','BIS','2017-10-25 16:00:00','172.16.152.43',1),(58,'524119','DKT','2017','Belanja Perjalanan Dinas Paket Meeting Luar Kota',NULL,'',NULL,NULL,49110000,'','BIS','2017-10-25 16:00:00','172.16.152.43',1),(59,'522191','DKK','2017','Belanja Jasa Lainnya',NULL,'',NULL,NULL,295870000,'','BIS','2017-10-25 16:00:00','172.16.152.43',1),(59,'052','DKT','2017','Pemasangan Sistem Monitoring Konsumsi Energi dan Penggantian LampuLED di Lingkungan Kementerian ESDM ',NULL,'',NULL,NULL,5199080000,'','BIS','2017-10-25 16:00:00','172.16.152.43',1),(60,'524111','DKK','2017','Belanja Perjalanan Biasa',NULL,'',NULL,NULL,150000000,'','BIS','2017-10-25 16:00:00','172.16.152.43',1),(60,'532111','DKT','2017','Belanja Modal Peralatan dan Mesin',NULL,'',NULL,NULL,5199080000,'','BIS','2017-10-25 16:00:00','172.16.152.43',1),(61,'524113','DKK','2017','Belanja Perjalanan Dinas dalam Kota',NULL,'',NULL,NULL,75000000,'','BIS','2017-10-25 16:00:00','172.16.152.43',1),(61,'053','DKT','2017','Monitoring Terhadap Pencapaian Emisi Gas Rumah Kaca (GRK) RAN-RAD',NULL,'',NULL,NULL,474755000,'','BIS','2017-10-25 16:00:00','172.16.152.43',1),(62,'524119','DKK','2017','Belanja Perjalanan Dinas Paket Meeting Luar Kota',NULL,'',NULL,NULL,117677000,'','BIS','2017-10-25 16:00:00','172.16.152.43',1),(62,'521211','DKT','2017','Belanja Bahan',NULL,'',NULL,NULL,25228000,'','BIS','2017-10-25 16:00:00','172.16.152.43',1),(63,'','DKT','2017','- Fotokopi Bahan Rapat, Pencetakan, Penjilidan',NULL,'',NULL,NULL,2188000,'','BIS','2017-10-25 16:00:00','172.16.152.43',1),(64,'','DKT','2017','- Konsumsi Rapat',NULL,'',NULL,NULL,23040000,'','BIS','2017-10-25 16:00:00','172.16.152.43',1),(65,'521213','DKT','2017','Honor Output Kegiatan',NULL,'',NULL,NULL,142500000,'','BIS','2017-10-25 16:00:00','172.16.152.43',1),(66,'521811 ','DKT','2017','Belanja Barang Untuk Persediaan Barang konsumsi',NULL,'',NULL,NULL,8433000,'','BIS','2017-10-25 16:00:00','172.16.152.43',1),(67,'522151','DKT','2017','Belanja Jasa Profesi',NULL,'',NULL,NULL,70200000,'','BIS','2017-10-25 16:00:00','172.16.152.43',1),(68,'524111','DKT','2017','Belanja Perjalanan Biasa',NULL,'',NULL,NULL,147124000,'','BIS','2017-10-25 16:00:00','172.16.152.43',1),(69,'524113','DKT','2017','Belanja Perjalanan Dinas dalam Kota',NULL,'',NULL,NULL,4500000,'','BIS','2017-10-25 16:00:00','172.16.152.43',1),(70,'524114','DKT','2017','Belanja Perjalanan Dinas Paket Meeting Dalam Kota',NULL,'',NULL,NULL,22200000,'','BIS','2017-10-25 16:00:00','172.16.152.43',1),(71,'524119','DKT','2017','Belanja Perjalanan Dinas Paket Meeting Luar Kota',NULL,'',NULL,NULL,54570000,'','BIS','2017-10-25 16:00:00','172.16.152.43',1);

/*Table structure for table `rkk4ld1p4` */

DROP TABLE IF EXISTS `rkk4ld1p4`;

CREATE TABLE `rkk4ld1p4` (
  `id_rkkal` int(11) NOT NULL DEFAULT '0',
  `kd_apbn` varchar(20) NOT NULL DEFAULT '',
  `kd_subdir` char(3) NOT NULL DEFAULT '',
  `thn_anggaran` varchar(15) NOT NULL DEFAULT '',
  `uraian_kegiatan` varchar(255) NOT NULL DEFAULT '',
  `volume` int(10) NOT NULL,
  `satuan` varchar(25) NOT NULL DEFAULT '',
  `harga_satuan` bigint(20) NOT NULL,
  `jumlah` bigint(20) NOT NULL,
  `anggaran` bigint(20) NOT NULL,
  `file_rkkal` varchar(20) NOT NULL DEFAULT '',
  `id_user` char(11) NOT NULL DEFAULT '',
  `wkt_input` datetime NOT NULL,
  `ip_input` varchar(20) NOT NULL DEFAULT '',
  `revisi` int(11) NOT NULL DEFAULT '0',
  PRIMARY KEY (`id_rkkal`,`kd_subdir`,`thn_anggaran`)
) ENGINE=InnoDB DEFAULT CHARSET=utf8;

/*Data for the table `rkk4ld1p4` */

insert  into `rkk4ld1p4`(`id_rkkal`,`kd_apbn`,`kd_subdir`,`thn_anggaran`,`uraian_kegiatan`,`volume`,`satuan`,`harga_satuan`,`jumlah`,`anggaran`,`file_rkkal`,`id_user`,`wkt_input`,`ip_input`,`revisi`) values (1,'9051','DKP','2017','Penyusunan Draft Regulasi Konservasi Energi (Draft Revisi PP 70/2009)',0,'',0,0,731006000,'-','admin','2017-12-20 11:43:57','::1',0),(2,'521211','DKP','2017','Belanja Bahan',0,'',0,0,23650000,'-','admin','2017-12-20 11:43:58','::1',0),(3,'','DKP','2017','Konsumsi Rapat',0,'',0,0,0,'-','admin','2017-12-20 11:43:58','::1',0),(4,'521213','DKP','2017','Honor Output Kegiatan',0,'',0,0,353500000,'-','admin','2017-12-20 11:43:58','::1',0),(5,'521811','DKP','2017','Belanja Barang Untuk Persediaan Barang konsumsi',0,'',0,0,9480000,'-','admin','2017-12-20 11:43:58','::1',0),(6,'522151','DKP','2017','Belanja Jasa Profesi',0,'',0,0,242700000,'-','admin','2017-12-20 11:43:58','::1',0),(7,'524111','DKP','2017','Belanja Perjalanan Biasa',0,'',0,0,41546000,'-','admin','2017-12-20 11:43:58','::1',0),(8,'524119','DKP','2017','Belanja Perjalanan Dinas Paket Meeting Luar Kota',0,'',0,0,60130000,'-','admin','2017-12-20 11:43:58','::1',0),(9,'010. 051','DKP','2017','Koordinasi dan Konsultasi Dalam Rangka Percepatan Penerapan Konservasi Energi',0,'',0,0,1200163000,'-','admin','2017-12-20 11:43:58','::1',0),(10,'521211','DKP','2017','Belanja Bahan',0,'',0,0,31320000,'-','admin','2017-12-20 11:43:58','::1',0),(11,'','DKP','2017','- Penggandaan dan Penjilidan dokumen  rapat, dan Laporan',0,'',0,0,15000000,'-','admin','2017-12-20 11:43:58','::1',0),(12,'','DKP','2017','-',0,'',0,0,16320000,'-','admin','2017-12-20 11:43:58','::1',0),(13,'521213','DKP','2017','Honor Output Kegiatan',0,'',0,0,353500000,'-','admin','2017-12-20 11:43:58','::1',0),(14,'521811','DKP','2017','Belanja Barang Untuk Persediaan Barang konsumsi',0,'',0,0,8409000,'-','admin','2017-12-20 11:43:58','::1',0),(15,'522141','DKP','2017','Belanja Sewa (Sewa kendaraan Roda Empat)',0,'',0,0,7508000,'-','admin','2017-12-20 11:43:58','::1',0),(16,'522151','DKP','2017','Belanja Jasa Profesi',0,'',0,0,173000000,'-','admin','2017-12-20 11:43:58','::1',0),(17,'524111','DKP','2017','Belanja Perjalanan Biasa',0,'',0,0,230126000,'-','admin','2017-12-20 11:43:58','::1',0),(18,'524113','DKP','2017','Belanja Perjalanan Dinas Dalam Kota',0,'',0,0,9000000,'-','admin','2017-12-20 11:43:58','::1',0),(19,'524114','DKP','2017','Belanja Perjalanan Dinas Paket Meeting Dalam Kota',0,'',0,0,82880000,'-','admin','2017-12-20 11:43:58','::1',0),(20,'524119','DKP','2017','Belanja Perjalanan Dinas Paket Meeting Luar Kota',0,'',0,0,304420000,'-','admin','2017-12-20 11:43:58','::1',0),(21,'52','DKP','2017','Penyusunan Data dan Informasi Konservasi Energi',0,'',0,0,3083546000,'-','admin','2017-12-20 11:43:58','::1',0),(22,'521211','DKP','2017','Belanja Bahan',0,'',0,0,263240000,'-','admin','2017-12-20 11:43:58','::1',0),(23,'','DKP','2017','- Penggandaan dan Penjilidan dokumen  rapat, dan Laporan dan pencetakan buku',0,'',0,0,251000000,'-','admin','2017-12-20 11:43:59','::1',0),(24,'','DKP','2017','-',0,'',0,0,12240000,'-','admin','2017-12-20 11:43:59','::1',0),(25,'521213','DKP','2017','Honor Output Kegiatan',0,'',0,0,152500000,'-','admin','2017-12-20 11:43:59','::1',0),(26,'521811','DKP','2017','Belanja Barang Untuk Persediaan Barang konsumsi',0,'',0,0,8075000,'-','admin','2017-12-20 11:43:59','::1',0),(27,'522131','DKP','2017','Belanja Jasa Konsultan (Penyusunan Data dan Informasi Konservasi Energi di Sektor Bangunan Gedung Komersial)',0,'',0,0,2500000000,'-','admin','2017-12-20 11:43:59','::1',0),(28,'524111','DKP','2017','Belanja Perjalanan Biasa',0,'',0,0,70986000,'-','admin','2017-12-20 11:43:59','::1',0),(29,'524119','DKP','2017','Belanja Perjalanan Dinas Paket Meeting Luar Kota',0,'',0,0,88745000,'-','admin','2017-12-20 11:43:59','::1',0),(30,'53','DKP','2017','Pelaksanaan Market Survay Peralatan Hemat Energi di Sektor Rumah Tangga',0,'',0,0,1321385000,'-','admin','2017-12-20 11:43:59','::1',0),(31,'521211','DKP','2017','Belanja Bahan',0,'',0,0,10660000,'-','admin','2017-12-20 11:43:59','::1',0),(32,'','DKP','2017','- Penggandaan dan Penjilidan dokumen  rapat, dan Laporan dan pencetakan buku',0,'',0,0,2500000,'-','admin','2017-12-20 11:43:59','::1',0),(33,'','DKP','2017','-',0,'',0,0,8160000,'-','admin','2017-12-20 11:43:59','::1',0),(34,'521213','DKP','2017','Honor Output Kegiatan',0,'',0,0,152500000,'-','admin','2017-12-20 11:43:59','::1',0),(35,'521811','DKP','2017','Belanja Barang Untuk Persediaan Barang konsumsi',0,'',0,0,8334000,'-','admin','2017-12-20 11:43:59','::1',0),(36,'522131','DKP','2017','Belanja Jasa Konsultan (Penyusunan Data dan Informasi Konservasi Energi di Sektor Bangunan Gedung Komersial)',0,'',0,0,970000000,'-','admin','2017-12-20 11:43:59','::1',0),(37,'522151','DKP','2017','Belanja Jasa Profesi',0,'',0,0,50000000,'-','admin','2017-12-20 11:43:59','::1',0),(38,'524111','DKP','2017','Belanja Perjalanan Biasa',0,'',0,0,70042000,'-','admin','2017-12-20 11:43:59','::1',0),(39,'524119','DKP','2017','Belanja Perjalanan Dinas Paket Meeting Luar Kota',0,'',0,0,59849000,'-','admin','2017-12-20 11:43:59','::1',0);

/*Table structure for table `rkk4ld1p4_asli` */

DROP TABLE IF EXISTS `rkk4ld1p4_asli`;

CREATE TABLE `rkk4ld1p4_asli` (
  `id_rkkal` int(3) NOT NULL,
  `kd_apbn` varchar(20) NOT NULL DEFAULT '',
  `kd_subdir` char(3) NOT NULL DEFAULT '',
  `thn_anggaran` varchar(15) NOT NULL DEFAULT '',
  `uraian_kegiatan` text NOT NULL,
  `volume` int(10) DEFAULT NULL,
  `satuan` varchar(25) NOT NULL DEFAULT '',
  `harga_satuan` bigint(20) DEFAULT NULL,
  `jumlah` bigint(20) DEFAULT NULL,
  `anggaran` bigint(20) DEFAULT NULL,
  `file_rkkal` varchar(20) NOT NULL DEFAULT '',
  `id_user` char(11) NOT NULL DEFAULT '',
  `wkt_input` datetime DEFAULT NULL,
  `ip_input` varchar(20) NOT NULL DEFAULT '',
  PRIMARY KEY (`id_rkkal`,`kd_subdir`,`thn_anggaran`)
) ENGINE=InnoDB DEFAULT CHARSET=utf8;

/*Data for the table `rkk4ld1p4_asli` */

insert  into `rkk4ld1p4_asli`(`id_rkkal`,`kd_apbn`,`kd_subdir`,`thn_anggaran`,`uraian_kegiatan`,`volume`,`satuan`,`harga_satuan`,`jumlah`,`anggaran`,`file_rkkal`,`id_user`,`wkt_input`,`ip_input`) values (1,'057','DKA','2017','Pembinaan dan Pengawasan Pealaksanaan Labelisasi Taanda Hemat Energi pada Rumah Tangga',NULL,'',NULL,NULL,1068516000,'','BIS','2017-10-25 16:00:00','172.16.152.43'),(1,'010.054','DKE','2017','Penyiaapan Insentif Efisiensi Energi',NULL,'',NULL,NULL,337925000,'','BIS','2017-10-25 16:00:00','172.16.152.43'),(1,'012.051','DKK','2017','Sosialisasi Program Konservasi Energi di Sekolah Dasar',NULL,'',NULL,NULL,2100000000,'','BIS','2017-10-25 16:00:00','172.16.152.43'),(1,'009.051','DKP','2017','Penyusunan Draft Regulasi Konservasi Energi (Draft Revisi PP 70/2009)',NULL,'',NULL,NULL,731006000,'','BIS','2017-10-25 16:00:00','172.16.152.43'),(1,'009.052','DKT','2017','Penyusunan Draft SKEM dan Pembubuhan Label Tanda Hemat Energi',NULL,'',NULL,NULL,710906000,'','BIS','2017-10-25 16:00:00','172.16.152.43'),(2,'521211','DKA','2017','Belanja Bahan',NULL,'',NULL,NULL,35650000,'','BIS','2017-10-25 16:00:00','172.16.152.43'),(2,'521211','DKE','2017','Belanja Bahan',NULL,'',NULL,NULL,14031000,'','BIS','2017-10-25 16:00:00','172.16.152.43'),(2,'522191','DKK','2017','Belanja Jasa Lainnya',NULL,'',NULL,NULL,2100000000,'','BIS','2017-10-25 16:00:00','172.16.152.43'),(2,'521211','DKP','2017','Belanja Bahan',NULL,'',NULL,NULL,23650000,'','BIS','2017-10-25 16:00:00','172.16.152.43'),(2,'521211','DKT','2017','Belanja Bahan',NULL,'',NULL,NULL,19028000,'','BIS','2017-10-25 16:00:00','172.16.152.43'),(3,'','DKA','2017','- Konsumsi Rapat',NULL,'',NULL,NULL,20400000,'','BIS','2017-10-25 16:00:00','172.16.152.43'),(3,'','DKE','2017','- Konsumsi Rapat',NULL,'',NULL,NULL,11520000,'','BIS','2017-10-25 16:00:00','172.16.152.43'),(3,'052','DKK','2017','Pelaksanaan Bimbingan Teknis dan Penyuluhan Konservasi Energi',NULL,'',NULL,NULL,2609756000,'','BIS','2017-10-25 16:00:00','172.16.152.43'),(3,'','DKP','2017','Konsumsi Rapat',NULL,'',NULL,NULL,NULL,'','BIS','2017-10-25 16:00:00','172.16.152.43'),(3,'','DKT','2017','- Fotokopi, bahan rapat, pencetakan, penjilidan',NULL,'',NULL,NULL,1748000,'','BIS','2017-10-25 16:00:00','172.16.152.43'),(4,'','DKA','2017','- Penggandaan Materi dan Pembuatan Laporan , Foto Copy, Penjilidan',NULL,'',NULL,NULL,15250000,'','BIS','2017-10-25 16:00:00','172.16.152.43'),(4,'','DKE','2017','- Biaya Pencetakan Laporan Akhir',NULL,'',NULL,NULL,2511000,'','BIS','2017-10-25 16:00:00','172.16.152.43'),(4,'521211','DKK','2017','Belanja Bahan',NULL,'',NULL,NULL,306380000,'','BIS','2017-10-25 16:00:00','172.16.152.43'),(4,'521213','DKP','2017','Honor Output Kegiatan',NULL,'',NULL,NULL,353500000,'','BIS','2017-10-25 16:00:00','172.16.152.43'),(4,'','DKT','2017','- Konsumsi Rapat',NULL,'',NULL,NULL,17280000,'','BIS','2017-10-25 16:00:00','172.16.152.43'),(5,'521213','DKA','2017','Honor Output Kegiatan',NULL,'',NULL,NULL,152500000,'','BIS','2017-10-25 16:00:00','172.16.152.43'),(5,'521213','DKE','2017','Honor Output Kegiatan',NULL,'',NULL,NULL,157000000,'','BIS','2017-10-25 16:00:00','172.16.152.43'),(5,'','DKK','2017','- Konsumsi Rapat',NULL,'',NULL,NULL,5850000,'','BIS','2017-10-25 16:00:00','172.16.152.43'),(5,'521811','DKP','2017','Belanja Barang Untuk Persediaan Barang konsumsi',NULL,'',NULL,NULL,9480000,'','BIS','2017-10-25 16:00:00','172.16.152.43'),(5,'521213','DKT','2017','Honor Output Kegiatan',NULL,'',NULL,NULL,341000000,'','BIS','2017-10-25 16:00:00','172.16.152.43'),(6,'521219','DKA','2017','Belanja Barang Non Operasional Lainnya',NULL,'',NULL,NULL,50000000,'','BIS','2017-10-25 16:00:00','172.16.152.43'),(6,'521811 ','DKE','2017','Belanja Barang Untuk Persediaan Barang konsumsi',NULL,'',NULL,NULL,9075000,'','BIS','2017-10-25 16:00:00','172.16.152.43'),(6,'','DKK','2017','- Penggandaan Materi , Pencetakan, dan Penjilidan Laporan',NULL,'',NULL,NULL,300530000,'','BIS','2017-10-25 16:00:00','172.16.152.43'),(6,'522151','DKP','2017','Belanja Jasa Profesi',NULL,'',NULL,NULL,242700000,'','BIS','2017-10-25 16:00:00','172.16.152.43'),(6,'521219','DKT','2017','Belanja Barang Non Operasional Lainnya',NULL,'',NULL,NULL,10000000,'','BIS','2017-10-25 16:00:00','172.16.152.43'),(7,'521811 ','DKA','2017','Belanja Barang Untuk Persediaan Barang konsumsi',NULL,'',NULL,NULL,8895000,'','BIS','2017-10-25 16:00:00','172.16.152.43'),(7,'522151','DKE','2017','Belanja Jasa Profesi',NULL,'',NULL,NULL,39600000,'','BIS','2017-10-25 16:00:00','172.16.152.43'),(7,'521213','DKK','2017','Honor Output Kegiatan',NULL,'',NULL,NULL,186500000,'','BIS','2017-10-25 16:00:00','172.16.152.43'),(7,'524111','DKP','2017','Belanja Perjalanan Biasa',NULL,'',NULL,NULL,41546000,'','BIS','2017-10-25 16:00:00','172.16.152.43'),(7,'521811 ','DKT','2017','Belanja Barang Untuk Persediaan Barang konsumsi',NULL,'',NULL,NULL,9937000,'','BIS','2017-10-25 16:00:00','172.16.152.43'),(8,'522141','DKA','2017','Belanja Sewa ',NULL,'',NULL,NULL,15682000,'','BIS','2017-10-25 16:00:00','172.16.152.43'),(8,'524111','DKE','2017','Belanja Perjalanan Biasa',NULL,'',NULL,NULL,115219000,'','BIS','2017-10-25 16:00:00','172.16.152.43'),(8,'521811 ','DKK','2017','Belanja Barang Untuk Persediaan Barang konsumsi',NULL,'',NULL,NULL,9000000,'','BIS','2017-10-25 16:00:00','172.16.152.43'),(8,'524119','DKP','2017','Belanja Perjalanan Dinas Paket Meeting Luar Kota',NULL,'',NULL,NULL,60130000,'','BIS','2017-10-25 16:00:00','172.16.152.43'),(8,'522151','DKT','2017','Belanja Jasa Profesi',NULL,'',NULL,NULL,79200000,'','BIS','2017-10-25 16:00:00','172.16.152.43'),(9,'522151','DKA','2017','Belanja Jasa Profesi',NULL,'',NULL,NULL,98600000,'','BIS','2017-10-25 16:00:00','172.16.152.43'),(9,'524114','DKE','2017','Belanja Perjalanan Dinas Paket Meeting Dalam Kota',NULL,'',NULL,NULL,3000000,'','BIS','2017-10-25 16:00:00','172.16.152.43'),(9,'522151','DKK','2017','Belanja Jasa Profesi',NULL,'',NULL,NULL,367200000,'','BIS','2017-10-25 16:00:00','172.16.152.43'),(9,'010. 051','DKP','2017','Koordinasi dan Konsultasi Dalam Rangka Percepatan Penerapan Konservasi Energi',NULL,'',NULL,NULL,1200163000,'','BIS','2017-10-25 16:00:00','172.16.152.43'),(9,'522191','DKT','2017','Belanjan Jasa lainnya',NULL,'',NULL,NULL,30000000,'','BIS','2017-10-25 16:00:00','172.16.152.43'),(10,'522191','DKA','2017','Belanja Jasa Lainnya',NULL,'',NULL,NULL,287831000,'','BIS','2017-10-25 16:00:00','172.16.152.43'),(10,'055','DKE','2017','Penyiapan Investasi Efisiensi Energi Sektor Industri dan Bangunan ',NULL,'',NULL,NULL,522450000,'','BIS','2017-10-25 16:00:00','172.16.152.43'),(10,'522191','DKK','2017','Belanja Jasa Lainnya',NULL,'',NULL,NULL,360416000,'','BIS','2017-10-25 16:00:00','172.16.152.43'),(10,'521211','DKP','2017','Belanja Bahan',NULL,'',NULL,NULL,31320000,'','BIS','2017-10-25 16:00:00','172.16.152.43'),(10,'524111','DKT','2017','Belanja Perjalanan Biasa',NULL,'',NULL,NULL,67936000,'','BIS','2017-10-25 16:00:00','172.16.152.43'),(11,'524111','DKA','2017','Belanja Perjalanan Biasa',NULL,'',NULL,NULL,201438000,'','BIS','2017-10-25 16:00:00','172.16.152.43'),(11,'521211','DKE','2017','Belanja Bahan',NULL,'',NULL,NULL,7168000,'','BIS','2017-10-25 16:00:00','172.16.152.43'),(11,'524111','DKK','2017','Belanja Perjalanan Biasa',NULL,'',NULL,NULL,180000000,'','BIS','2017-10-25 16:00:00','172.16.152.43'),(11,'','DKP','2017','- Penggandaan dan Penjilidan dokumen  rapat, dan Laporan',NULL,'',NULL,NULL,15000000,'','BIS','2017-10-25 16:00:00','172.16.152.43'),(11,'524113','DKT','2017','Belanja Perjalanan Dinas Dalam Kota',NULL,'',NULL,NULL,4200000,'','BIS','2017-10-25 16:00:00','172.16.152.43'),(12,'524114','DKA','2017','Belanja Perjalanan Dinas Paket Meeting Dalam Kota',NULL,'',NULL,NULL,26250000,'','BIS','2017-10-25 16:00:00','172.16.152.43'),(12,'','DKE','2017','Konsumsi Rapat',NULL,'',NULL,NULL,NULL,'','BIS','2017-10-25 16:00:00','172.16.152.43'),(12,'524113','DKK','2017','Belanja Perjalanan Dinas dalam Kota',NULL,'',NULL,NULL,9000000,'','BIS','2017-10-25 16:00:00','172.16.152.43'),(12,'','DKP','2017','- Konsumsi Rapat',NULL,'',NULL,NULL,16320000,'','BIS','2017-10-25 16:00:00','172.16.152.43'),(12,'524114','DKT','2017','Belanja Perjalanan Dinas Paket Meeting Dalam Kota',NULL,'',NULL,NULL,28000000,'','BIS','2017-10-25 16:00:00','172.16.152.43'),(13,'524119','DKA','2017','Belanja Perjalanan Dinas Paket Meeting Luar Kota',NULL,'',NULL,NULL,191670000,'','BIS','2017-10-25 16:00:00','172.16.152.43'),(13,'521213','DKE','2017','Honor Output Kegiatan',NULL,'',NULL,NULL,152500000,'','BIS','2017-10-25 16:00:00','172.16.152.43'),(13,'524119','DKK','2017','Belanja Perjalanan Dinas Paket Meeting Luar Kota',NULL,'',NULL,NULL,1191260000,'','BIS','2017-10-25 16:00:00','172.16.152.43'),(13,'521213','DKP','2017','Honor Output Kegiatan',NULL,'',NULL,NULL,353500000,'','BIS','2017-10-25 16:00:00','172.16.152.43'),(13,'524119','DKT','2017','Belanja Perjalanan Dinas Paket Meeting Luar Kota',NULL,'',NULL,NULL,121605000,'','BIS','2017-10-25 16:00:00','172.16.152.43'),(14,'059','DKA','2017','Pemantauan dan Evaluasi Pelaksanaan Penghematan Energi di Instansi Pemerintah',NULL,'',NULL,NULL,981346000,'','BIS','2017-10-25 16:00:00','172.16.152.43'),(14,'521811 ','DKE','2017','Belanja Barang Untuk Persediaan Barang konsumsi',NULL,'',NULL,NULL,9870000,'','BIS','2017-10-25 16:00:00','172.16.152.43'),(14,'053','DKK','2017','Publikasi Konservasi Energi Pada Masyarakat Umum',NULL,'',NULL,NULL,20234650000,'','BIS','2017-10-25 16:00:00','172.16.152.43'),(14,'521811 ','DKP','2017','Belanja Barang Untuk Persediaan Barang konsumsi',NULL,'',NULL,NULL,8409000,'','BIS','2017-10-25 16:00:00','172.16.152.43'),(14,'053','DKT','2017','Penyusunan Draft SNI di Bidang  Konservasi Energi',NULL,'',NULL,NULL,390040000,'','BIS','2017-10-25 16:00:00','172.16.152.43'),(15,'521211','DKA','2017','Belanja Bahan',NULL,'',NULL,NULL,45600000,'','BIS','2017-10-25 16:00:00','172.16.152.43'),(15,'522131','DKE','2017','Belanja Jasa Konsultan (Tenaga Ahli Ekonomi)',NULL,'',NULL,NULL,80000000,'','BIS','2017-10-25 16:00:00','172.16.152.43'),(15,'521211','DKK','2017','Belanja Bahan',NULL,'',NULL,NULL,152750000,'','BIS','2017-10-25 16:00:00','172.16.152.43'),(15,'522141','DKP','2017','Belanja Sewa (Sewa kendaraan Roda Empat)',NULL,'',NULL,NULL,7508000,'','BIS','2017-10-25 16:00:00','172.16.152.43'),(15,'521211','DKT','2017','Belanja Bahan',NULL,'',NULL,NULL,26043000,'','BIS','2017-10-25 16:00:00','172.16.152.43'),(16,'','DKA','2017','- Konsumsi Rapat',NULL,'',NULL,NULL,30600000,'','BIS','2017-10-25 16:00:00','172.16.152.43'),(16,'522151','DKE','2017','Belanja Jasa Profesi',NULL,'',NULL,NULL,56000000,'','BIS','2017-10-25 16:00:00','172.16.152.43'),(16,'','DKK','2017','- Konsumsi Rapat',NULL,'',NULL,NULL,9750000,'','BIS','2017-10-25 16:00:00','172.16.152.43'),(16,'522151','DKP','2017','Belanja Jasa Profesi',NULL,'',NULL,NULL,173000000,'','BIS','2017-10-25 16:00:00','172.16.152.43'),(16,'','DKT','2017','- Fotokopi, bahan rapat, pencetakan, penjilidan',NULL,'',NULL,NULL,3003000,'','BIS','2017-10-25 16:00:00','172.16.152.43'),(17,'','DKA','2017','- Penggandaan Materi dan Pembuatan Laporan , Foto Copy, Penjilidan',NULL,'',NULL,NULL,15000000,'','BIS','2017-10-25 16:00:00','172.16.152.43'),(17,'524111','DKE','2017','Belanja Perjalanan Biasa',NULL,'',NULL,NULL,48512000,'','BIS','2017-10-25 16:00:00','172.16.152.43'),(17,'','DKK','2017','- Penggandaan, Pencetakan, Pembelian Bahan SNI dan Penjilidan Laporan',NULL,'',NULL,NULL,143000000,'','BIS','2017-10-25 16:00:00','172.16.152.43'),(17,'524111','DKP','2017','Belanja Perjalanan Biasa',NULL,'',NULL,NULL,230126000,'','BIS','2017-10-25 16:00:00','172.16.152.43'),(17,'','DKT','2017','- Konsumsi Rapat',NULL,'',NULL,NULL,23040000,'','BIS','2017-10-25 16:00:00','172.16.152.43'),(18,'521213','DKA','2017','Honor Output Kegiatan',NULL,'',NULL,NULL,357600000,'','BIS','2017-10-25 16:00:00','172.16.152.43'),(18,'524114','DKE','2017','Belanja Perjalanan Dinas Paket Meeting Dalam Kota',NULL,'',NULL,NULL,78000000,'','BIS','2017-10-25 16:00:00','172.16.152.43'),(18,'521213','DKK','2017','Honor Output Kegiatan',NULL,'',NULL,NULL,157000000,'','BIS','2017-10-25 16:00:00','172.16.152.43'),(18,'524113','DKP','2017','Belanja Perjalanan Dinas Dalam Kota',NULL,'',NULL,NULL,9000000,'','BIS','2017-10-25 16:00:00','172.16.152.43'),(18,'521213','DKT','2017','Honor Output Kegiatan',NULL,'',NULL,NULL,142500000,'','BIS','2017-10-25 16:00:00','172.16.152.43'),(19,'521811 ','DKA','2017','Belanja Barang Untuk Persediaan Barang konsumsi',NULL,'',NULL,NULL,9944000,'','BIS','2017-10-25 16:00:00','172.16.152.43'),(19,'524119','DKE','2017','Belanja Perjalanan Dinas Paket Meeting Luar Kota',NULL,'',NULL,NULL,90400000,'','BIS','2017-10-25 16:00:00','172.16.152.43'),(19,'521811 ','DKK','2017','Belanja Barang Untuk Persediaan Barang konsumsi',NULL,'',NULL,NULL,9000000,'','BIS','2017-10-25 16:00:00','172.16.152.43'),(19,'524114','DKP','2017','Belanja Perjalanan Dinas Paket Meeting Dalam Kota',NULL,'',NULL,NULL,82880000,'','BIS','2017-10-25 16:00:00','172.16.152.43'),(19,'521811 ','DKT','2017','Belanja Barang Untuk Persediaan Barang konsumsi',NULL,'',NULL,NULL,7423000,'','BIS','2017-10-25 16:00:00','172.16.152.43'),(20,'522141','DKA','2017','Belanja Sewa ',NULL,'',NULL,NULL,15144000,'','BIS','2017-10-25 16:00:00','172.16.152.43'),(20,'056','DKE','2017','Penyusunan PedomanPembiayaan Investasi Efisienssi Energi',NULL,'',NULL,NULL,421180000,'','BIS','2017-10-25 16:00:00','172.16.152.43'),(20,'522131','DKK','2017','Belanja Jasa Konsultan (Duta Konservasi Energi)',NULL,'',NULL,NULL,120000000,'','BIS','2017-10-25 16:00:00','172.16.152.43'),(20,'524119','DKP','2017','Belanja Perjalanan Dinas Paket Meeting Luar Kota',NULL,'',NULL,NULL,304420000,'','BIS','2017-10-25 16:00:00','172.16.152.43'),(20,'522151','DKT','2017','Belanja Jasa Profesi',NULL,'',NULL,NULL,72000000,'','BIS','2017-10-25 16:00:00','172.16.152.43'),(21,'522151','DKA','2017','Belanja Jasa Profesi',NULL,'',NULL,NULL,102600000,'','BIS','2017-10-25 16:00:00','172.16.152.43'),(21,'521211','DKE','2017','Belanja Bahan',NULL,'',NULL,NULL,25600000,'','BIS','2017-10-25 16:00:00','172.16.152.43'),(21,'522191','DKK','2017','Belanja Jasa Lainnya',NULL,'',NULL,NULL,19506900000,'','BIS','2017-10-25 16:00:00','172.16.152.43'),(21,'052','DKP','2017','Penyusunan Data dan Informasi Konservasi Energi',NULL,'',NULL,NULL,3083546000,'','BIS','2017-10-25 16:00:00','172.16.152.43'),(21,'524111','DKT','2017','Belanja Perjalanan Biasa',NULL,'',NULL,NULL,50833000,'','BIS','2017-10-25 16:00:00','172.16.152.43'),(22,'522191','DKA','2017','Belanja Jasa Lainnya',NULL,'',NULL,NULL,38699000,'','BIS','2017-10-25 16:00:00','172.16.152.43'),(22,'','DKE','2017','Konsumsi Rapat',NULL,'',NULL,NULL,NULL,'','BIS','2017-10-25 16:00:00','172.16.152.43'),(22,'524111','DKK','2017','Belanja Perjalanan Biasa',NULL,'',NULL,NULL,280000000,'','BIS','2017-10-25 16:00:00','172.16.152.43'),(22,'521211','DKP','2017','Belanja Bahan',NULL,'',NULL,NULL,263240000,'','BIS','2017-10-25 16:00:00','172.16.152.43'),(22,'524113','DKT','2017','Belanja Perjalanan Dinas Dalam Kota',NULL,'',NULL,NULL,3750000,'','BIS','2017-10-25 16:00:00','172.16.152.43'),(23,'524111','DKA','2017','Belanja Perjalanan Biasa',NULL,'',NULL,NULL,195452000,'','BIS','2017-10-25 16:00:00','172.16.152.43'),(23,'521213','DKE','2017','Honor Output Kegiatan',NULL,'',NULL,NULL,152500000,'','BIS','2017-10-25 16:00:00','172.16.152.43'),(23,'524113','DKK','2017','Belanja Perjalanan Dinas dalam Kota',NULL,'',NULL,NULL,9000000,'','BIS','2017-10-25 16:00:00','172.16.152.43'),(23,'','DKP','2017','- Penggandaan dan Penjilidan dokumen  rapat, dan Laporan dan pencetakan buku',NULL,'',NULL,NULL,251000000,'','BIS','2017-10-25 16:00:00','172.16.152.43'),(23,'524114','DKT','2017','Belanja Perjalanan Dinas Paket Meeting Dalam Kota',NULL,'',NULL,NULL,22200000,'','BIS','2017-10-25 16:00:00','172.16.152.43'),(24,'524114','DKA','2017','Belanja Perjalanan Dinas Paket Meeting Dalam Kota',NULL,'',NULL,NULL,28000000,'','BIS','2017-10-25 16:00:00','172.16.152.43'),(24,'521811 ','DKE','2017','Belanja Barang Untuk Persediaan Barang konsumsi',NULL,'',NULL,NULL,8489000,'','BIS','2017-10-25 16:00:00','172.16.152.43'),(24,'054','DKK','2017','Penyelenggaraan Lomba Hemat Energi di Sekolah Untuk SMP dan SMA',NULL,'',NULL,NULL,4110000000,'','BIS','2017-10-25 16:00:00','172.16.152.43'),(24,'','DKP','2017','- Konsumsi Rapat',NULL,'',NULL,NULL,12240000,'','BIS','2017-10-25 16:00:00','172.16.152.43'),(24,'524119','DKT','2017','Belanja Perjalanan Dinas Paket Meeting Luar Kota',NULL,'',NULL,NULL,65291000,'','BIS','2017-10-25 16:00:00','172.16.152.43'),(25,'524119','DKA','2017','Belanja Perjalanan Dinas Paket Meeting Luar Kota',NULL,'',NULL,NULL,188307000,'','BIS','2017-10-25 16:00:00','172.16.152.43'),(25,'522151','DKE','2017','Belanja Jasa Profesi',NULL,'',NULL,NULL,52500000,'','BIS','2017-10-25 16:00:00','172.16.152.43'),(25,'522191','DKK','2017','Belanja Jasa Lainnya',NULL,'',NULL,NULL,NULL,'','BIS','2017-10-25 16:00:00','172.16.152.43'),(25,'521213','DKP','2017','Honor Output Kegiatan',NULL,'',NULL,NULL,152500000,'','BIS','2017-10-25 16:00:00','172.16.152.43'),(25,'054','DKT','2017','Penyusunan Draft Perpres Penerapan Building Energy Management System Secara Wajib di Bangunan Gedung Pemerintah',NULL,'',NULL,NULL,377902000,'','BIS','2017-10-25 16:00:00','172.16.152.43'),(26,'060','DKA','2017','Pelaksanaan Audit Energi di Bangunan Gedung Pemerintah',NULL,'',NULL,NULL,NULL,'','BIS','2017-10-25 16:00:00','172.16.152.43'),(26,'522191','DKE','2017','Belanja Jasa Lainnya',NULL,'',NULL,NULL,10000000,'','BIS','2017-10-25 16:00:00','172.16.152.43'),(26,'','DKK','2017','Lomba Hemat Energi di Rumah dan Sekolah untuk SMP dan SMA',NULL,'',NULL,NULL,4110000000,'','BIS','2017-10-25 16:00:00','172.16.152.43'),(26,'521811 ','DKP','2017','Belanja Barang Untuk Persediaan Barang konsumsi',NULL,'',NULL,NULL,8075000,'','BIS','2017-10-25 16:00:00','172.16.152.43'),(26,'521211','DKT','2017','Belanja Bahan',NULL,'',NULL,NULL,25160000,'','BIS','2017-10-25 16:00:00','172.16.152.43'),(27,'522131','DKA','2017','Belanja Jasa Konsultan',NULL,'',NULL,NULL,940555000,'','BIS','2017-10-25 16:00:00','172.16.152.43'),(27,'524111','DKE','2017','Belanja Perjalanan Biasa',NULL,'',NULL,NULL,25813000,'','BIS','2017-10-25 16:00:00','172.16.152.43'),(27,'055','DKK','2017','Pelaksanaan Kerjasama Bidang Konservasi Energi',NULL,'',NULL,NULL,3334916000,'','BIS','2017-10-25 16:00:00','172.16.152.43'),(27,'522131','DKP','2017','Belanja Jasa Konsultan (Penyusunan Data dan Informasi Konservasi Energi di Sektor Bangunan Gedung Komersial)',NULL,'',NULL,NULL,2500000000,'','BIS','2017-10-25 16:00:00','172.16.152.43'),(27,'','DKT','2017','- Fotokopi, bahan rapat, pencetakan, penjilidan',NULL,'',NULL,NULL,2120000,'','BIS','2017-10-25 16:00:00','172.16.152.43'),(28,'','DKA','2017','Audit Energi di Bangunan Gedung Pemerintah',NULL,'',NULL,NULL,NULL,'','BIS','2017-10-25 16:00:00','172.16.152.43'),(28,'524113','DKE','2017','Belanja Perjalanan Dinas dalam Kota',NULL,'',NULL,NULL,2800000,'','BIS','2017-10-25 16:00:00','172.16.152.43'),(28,'521211','DKK','2017','Belanja Bahan',NULL,'',NULL,NULL,141600000,'','BIS','2017-10-25 16:00:00','172.16.152.43'),(28,'524111','DKP','2017','Belanja Perjalanan Biasa',NULL,'',NULL,NULL,70986000,'','BIS','2017-10-25 16:00:00','172.16.152.43'),(28,'','DKT','2017','- Konsumsi Rapat',NULL,'',NULL,NULL,23040000,'','BIS','2017-10-25 16:00:00','172.16.152.43'),(29,'061','DKA','2017','Pembinaan dan Pengawasan Manajemen Energi di Industri dan Bangunan Gedung',NULL,'',NULL,NULL,2093521000,'','BIS','2017-10-25 16:00:00','172.16.152.43'),(29,'524114','DKE','2017','Belanja Perjalanan Dinas Paket Meeting Dalam Kota',NULL,'',NULL,NULL,32000000,'','BIS','2017-10-25 16:00:00','172.16.152.43'),(29,'','DKK','2017','- Konsumsi Rapat',NULL,'',NULL,NULL,15600000,'','BIS','2017-10-25 16:00:00','172.16.152.43'),(29,'524119','DKP','2017','Belanja Perjalanan Dinas Paket Meeting Luar Kota',NULL,'',NULL,NULL,88745000,'','BIS','2017-10-25 16:00:00','172.16.152.43'),(29,'521213','DKT','2017','Honor Output Kegiatan',NULL,'',NULL,NULL,142500000,'','BIS','2017-10-25 16:00:00','172.16.152.43'),(30,'521211','DKA','2017','Belanja Bahan',NULL,'',NULL,NULL,72275000,'','BIS','2017-10-25 16:00:00','172.16.152.43'),(30,'524119','DKE','2017','Belanja Perjalanan Dinas Paket Meeting Luar Kota',NULL,'',NULL,NULL,111478000,'','BIS','2017-10-25 16:00:00','172.16.152.43'),(30,'','DKK','2017','- Penggandaan Materi Workshop dan Penjilidan Laporan',NULL,'',NULL,NULL,126000000,'','BIS','2017-10-25 16:00:00','172.16.152.43'),(30,'053','DKP','2017','Pelaksanaan Market Survay Peralatan Hemat Energi di Sektor Rumah Tangga',NULL,'',NULL,NULL,1321385000,'','BIS','2017-10-25 16:00:00','172.16.152.43'),(30,'521811 ','DKT','2017','Belanja Barang Untuk Persediaan Barang konsumsi',NULL,'',NULL,NULL,9281000,'','BIS','2017-10-25 16:00:00','172.16.152.43'),(31,'','DKA','2017','- Konsumsi Rapat',NULL,'',NULL,NULL,20400000,'','BIS','2017-10-25 16:00:00','172.16.152.43'),(31,'058','DKE','2017','Pelaksanaan Investment Grade Energi Audit',NULL,'',NULL,NULL,NULL,'','BIS','2017-10-25 16:00:00','172.16.152.43'),(31,'521213','DKK','2017','Honor Output Kegiatan',NULL,'',NULL,NULL,157000000,'','BIS','2017-10-25 16:00:00','172.16.152.43'),(31,'521211','DKP','2017','Belanja Bahan',NULL,'',NULL,NULL,10660000,'','BIS','2017-10-25 16:00:00','172.16.152.43'),(31,'522151','DKT','2017','Belanja Jasa Profesi',NULL,'',NULL,NULL,43200000,'','BIS','2017-10-25 16:00:00','172.16.152.43'),(32,'','DKA','2017','- Penggandaan Materi dan Pembuatan Laporan , Foto Copy, Penjilidan',NULL,'',NULL,NULL,51875000,'','BIS','2017-10-25 16:00:00','172.16.152.43'),(32,'522131','DKE','2017','Belanja Jasa Konsultan',NULL,'',NULL,NULL,2400091000,'','BIS','2017-10-25 16:00:00','172.16.152.43'),(32,'521811 ','DKK','2017','Belanja Barang Untuk Persediaan Barang konsumsi',NULL,'',NULL,NULL,9000000,'','BIS','2017-10-25 16:00:00','172.16.152.43'),(32,'','DKP','2017','- Penggandaan dan Penjilidan dokumen  rapat, dan Laporan dan pencetakan buku',NULL,'',NULL,NULL,2500000,'','BIS','2017-10-25 16:00:00','172.16.152.43'),(32,'524111','DKT','2017','Belanja Perjalanan Biasa',NULL,'',NULL,NULL,74532000,'','BIS','2017-10-25 16:00:00','172.16.152.43'),(33,'521213','DKA','2017','Honor Output Kegiatan',NULL,'',NULL,NULL,152500000,'','BIS','2017-10-25 16:00:00','172.16.152.43'),(33,'','DKE','2017','- Belanja Konsultan IGA Sektor Industri',NULL,'',NULL,NULL,1200091000,'','BIS','2017-10-25 16:00:00','172.16.152.43'),(33,'522151','DKK','2017','Belanja Jasa Profesi',NULL,'',NULL,NULL,254000000,'','BIS','2017-10-25 16:00:00','172.16.152.43'),(33,'','DKP','2017','- Konsumsi Rapat',NULL,'',NULL,NULL,8160000,'','BIS','2017-10-25 16:00:00','172.16.152.43'),(33,'524113','DKT','2017','Belanja Perjalanan Dinas Dalam Kota',NULL,'',NULL,NULL,6150000,'','BIS','2017-10-25 16:00:00','172.16.152.43'),(34,'521811 ','DKA','2017','Belanja Barang Untuk Persediaan Barang konsumsi',NULL,'',NULL,NULL,7933000,'','BIS','2017-10-25 16:00:00','172.16.152.43'),(34,'','DKE','2017','- Belanja Konsultan IGA Sektor Bangunan Gedung',NULL,'',NULL,NULL,1200000000,'','BIS','2017-10-25 16:00:00','172.16.152.43'),(34,'522191','DKK','2017','Belanja Jasa Lainnya',NULL,'',NULL,NULL,305116000,'','BIS','2017-10-25 16:00:00','172.16.152.43'),(34,'521213','DKP','2017','Honor Output Kegiatan',NULL,'',NULL,NULL,152500000,'','BIS','2017-10-25 16:00:00','172.16.152.43'),(34,'524114','DKT','2017','Belanja Perjalanan Dinas Paket Meeting Dalam Kota',NULL,'',NULL,NULL,14800000,'','BIS','2017-10-25 16:00:00','172.16.152.43'),(35,'522141','DKA','2017','Belanja Sewa ',NULL,'',NULL,NULL,15682000,'','BIS','2017-10-25 16:00:00','172.16.152.43'),(35,'063','DKE','2017','Capacity Building Efficeincy Energy Untuk Lembaga Keuangan',NULL,'',NULL,NULL,285927000,'','BIS','2017-10-25 16:00:00','172.16.152.43'),(35,'524111','DKK','2017','Belanja Perjalanan Biasa',NULL,'',NULL,NULL,200000000,'','BIS','2017-10-25 16:00:00','172.16.152.43'),(35,'521811 ','DKP','2017','Belanja Barang Untuk Persediaan Barang konsumsi',NULL,'',NULL,NULL,8334000,'','BIS','2017-10-25 16:00:00','172.16.152.43'),(35,'524119','DKT','2017','Belanja Perjalanan Dinas Paket Meeting Luar Kota',NULL,'',NULL,NULL,62279000,'','BIS','2017-10-25 16:00:00','172.16.152.43'),(36,'522151','DKA','2017','Belanja Jasa Profesi',NULL,'',NULL,NULL,434300000,'','BIS','2017-10-25 16:00:00','172.16.152.43'),(36,'521211','DKE','2017','Belanja Bahan',NULL,'',NULL,NULL,21120000,'','BIS','2017-10-25 16:00:00','172.16.152.43'),(36,'524113','DKK','2017','Belanja Perjalanan Dinas dalam Kota',NULL,'',NULL,NULL,30000000,'','BIS','2017-10-25 16:00:00','172.16.152.43'),(36,'522131','DKP','2017','Belanja Jasa Konsultan (Penyusunan Data dan Informasi Konservasi Energi di Sektor Bangunan Gedung Komersial)',NULL,'',NULL,NULL,970000000,'','BIS','2017-10-25 16:00:00','172.16.152.43'),(36,'055','DKT','2017','Penyusunan Draft SNI Konservasi Energi pada Bangunan Gedung',NULL,'',NULL,NULL,360349000,'','BIS','2017-10-25 16:00:00','172.16.152.43'),(37,'522191','DKA','2017','Belanja Jasa Lainnya',NULL,'',NULL,NULL,141840000,'','BIS','2017-10-25 16:00:00','172.16.152.43'),(37,'','DKE','2017','- Konsumsi Rapat',NULL,'',NULL,NULL,NULL,'','BIS','2017-10-25 16:00:00','172.16.152.43'),(37,'524114','DKK','2017','Belanja Perjalanan Dinas Paket Meeting Dalam Kota',NULL,'',NULL,NULL,199200000,'','BIS','2017-10-25 16:00:00','172.16.152.43'),(37,'522151','DKP','2017','Belanja Jasa Profesi',NULL,'',NULL,NULL,50000000,'','BIS','2017-10-25 16:00:00','172.16.152.43'),(37,'521211','DKT','2017','Belanja Bahan',NULL,'',NULL,NULL,25160000,'','BIS','2017-10-25 16:00:00','172.16.152.43'),(38,'524111','DKA','2017','Belanja Perjalanan Biasa',NULL,'',NULL,NULL,169249000,'','BIS','2017-10-25 16:00:00','172.16.152.43'),(38,'521811 ','DKE','2017','Belanja Barang Untuk Persediaan Barang konsumsi',NULL,'',NULL,NULL,6874000,'','BIS','2017-10-25 16:00:00','172.16.152.43'),(38,'524119','DKK','2017','Belanja Perjalanan Dinas Paket Meeting Luar Kota',NULL,'',NULL,NULL,389000000,'','BIS','2017-10-25 16:00:00','172.16.152.43'),(38,'524111','DKP','2017','Belanja Perjalanan Biasa',NULL,'',NULL,NULL,70042000,'','BIS','2017-10-25 16:00:00','172.16.152.43'),(38,'','DKT','2017','- Fotokopi, bahan rapat, pencetakan, penjilidan',NULL,'',NULL,NULL,2120000,'','BIS','2017-10-25 16:00:00','172.16.152.43'),(39,'524114','DKA','2017','Belanja Perjalanan Dinas Paket Meeting Dalam Kota',NULL,'',NULL,NULL,105000000,'','BIS','2017-10-25 16:00:00','172.16.152.43'),(39,'522151','DKE','2017','Belanja Jasa Profesi',NULL,'',NULL,NULL,46200000,'','BIS','2017-10-25 16:00:00','172.16.152.43'),(39,'524211','DKK','2017','Belanja Perjalanan Biasa-Luar Negeri',NULL,'',NULL,NULL,1650000000,'','BIS','2017-10-25 16:00:00','172.16.152.43'),(39,'524119','DKP','2017','Belanja Perjalanan Dinas Paket Meeting Luar Kota',NULL,'',NULL,NULL,59849000,'','BIS','2017-10-25 16:00:00','172.16.152.43'),(39,'','DKT','2017','- Konsumsi Rapat',NULL,'',NULL,NULL,23040000,'','BIS','2017-10-25 16:00:00','172.16.152.43'),(40,'524119','DKA','2017','Belanja Perjalanan Dinas Paket Meeting Luar Kota',NULL,'',NULL,NULL,994742000,'','BIS','2017-10-25 16:00:00','172.16.152.43'),(40,'522191','DKE','2017','Belanja Jasa Lainnya',NULL,'',NULL,NULL,27400000,'','BIS','2017-10-25 16:00:00','172.16.152.43'),(40,'056','DKK','2017','Penyelenggaraan Kegiatan Penghargaan Efisiensi Nasional',NULL,'',NULL,NULL,3327350000,'','BIS','2017-10-25 16:00:00','172.16.152.43'),(40,'521213','DKT','2017','Honor Output Kegiatan',NULL,'',NULL,NULL,142500000,'','BIS','2017-10-25 16:00:00','172.16.152.43'),(41,'524111','DKE','2017','Belanja Perjalanan Biasa',NULL,'',NULL,NULL,103933000,'','BIS','2017-10-25 16:00:00','172.16.152.43'),(41,'521211','DKK','2017','Belanja Bahan',NULL,'',NULL,NULL,59350000,'','BIS','2017-10-25 16:00:00','172.16.152.43'),(41,'521811 ','DKT','2017','Belanja Barang Untuk Persediaan Barang konsumsi',NULL,'',NULL,NULL,9232000,'','BIS','2017-10-25 16:00:00','172.16.152.43'),(42,'524114','DKE','2017','Belanja Perjalanan Dinas Paket Meeting Dalam Kota',NULL,'',NULL,NULL,30680000,'','BIS','2017-10-25 16:00:00','172.16.152.43'),(42,'','DKK','2017','- Konsumsi Rapat',NULL,'',NULL,NULL,5850000,'','BIS','2017-10-25 16:00:00','172.16.152.43'),(42,'522151','DKT','2017','Belanja Jasa Profesi',NULL,'',NULL,NULL,63000000,'','BIS','2017-10-25 16:00:00','172.16.152.43'),(43,'524119','DKE','2017','Belanja Perjalanan Dinas Paket Meeting Luar Kota',NULL,'',NULL,NULL,49720000,'','BIS','2017-10-25 16:00:00','172.16.152.43'),(43,'','DKK','2017','- Penggandaan Materi Workshop,  dan Penjilidan Laporan dll.',NULL,'',NULL,NULL,53500000,'','BIS','2017-10-25 16:00:00','172.16.152.43'),(43,'524111','DKT','2017','Belanja Perjalanan Biasa',NULL,'',NULL,NULL,34066000,'','BIS','2017-10-25 16:00:00','172.16.152.43'),(44,'064','DKE','2017','Penyusunan SKEMA Insentif Produsen Peralatan Hemat Energi',NULL,'',NULL,NULL,598753000,'','BIS','2017-10-25 16:00:00','172.16.152.43'),(44,'521213','DKK','2017','Honor Output Kegiatan',NULL,'',NULL,NULL,359750000,'','BIS','2017-10-25 16:00:00','172.16.152.43'),(44,'524113','DKT','2017','Belanja Perjalanan Dinas Dalam Kota',NULL,'',NULL,NULL,9150000,'','BIS','2017-10-25 16:00:00','172.16.152.43'),(45,'521211','DKE','2017','Belanja Bahan',NULL,'',NULL,NULL,11520000,'','BIS','2017-10-25 16:00:00','172.16.152.43'),(45,'521811 ','DKK','2017','Belanja Barang Untuk Persediaan Barang konsumsi',NULL,'',NULL,NULL,9000000,'','BIS','2017-10-25 16:00:00','172.16.152.43'),(45,'524114','DKT','2017','Belanja Perjalanan Dinas Paket Meeting Dalam Kota',NULL,'',NULL,NULL,14800000,'','BIS','2017-10-25 16:00:00','172.16.152.43'),(46,'','DKE','2017','- Konsumsi Rapat',NULL,'',NULL,NULL,NULL,'','BIS','2017-10-25 16:00:00','172.16.152.43'),(46,'522131','DKK','2017','Belanja Jasa Konsultan (Penyuntingan Makalah Energy Award2017)',NULL,'',NULL,NULL,47350000,'','BIS','2017-10-25 16:00:00','172.16.152.43'),(46,'524119','DKT','2017','Belanja Perjalanan Dinas Paket Meeting Luar Kota',NULL,'',NULL,NULL,62441000,'','BIS','2017-10-25 16:00:00','172.16.152.43'),(47,'521213','DKE','2017','Honor Output Kegiatan',NULL,'',NULL,NULL,353500000,'','BIS','2017-10-25 16:00:00','172.16.152.43'),(47,'522151','DKK','2017','Belanja Jasa Profesi',NULL,'',NULL,NULL,169900000,'','BIS','2017-10-25 16:00:00','172.16.152.43'),(47,'011.051','DKT','2017','Penerapan Efisinei Energi',NULL,'',NULL,NULL,636868000,'','BIS','2017-10-25 16:00:00','172.16.152.43'),(48,'521811 ','DKE','2017','Belanja Barang Untuk Persediaan Barang konsumsi',NULL,'',NULL,NULL,9000000,'','BIS','2017-10-25 16:00:00','172.16.152.43'),(48,'522191','DKK','2017','Belanja Jasa Lainnya',NULL,'',NULL,NULL,2125560000,'','BIS','2017-10-25 16:00:00','172.16.152.43'),(48,'521211','DKT','2017','Belanja Bahan',NULL,'',NULL,NULL,25209000,'','BIS','2017-10-25 16:00:00','172.16.152.43'),(49,'522131','DKE','2017','Belanja Jasa Konsultan',NULL,'',NULL,NULL,60000000,'','BIS','2017-10-25 16:00:00','172.16.152.43'),(49,'524111','DKK','2017','Belanja Perjalanan Biasa',NULL,'',NULL,NULL,190000000,'','BIS','2017-10-25 16:00:00','172.16.152.43'),(49,'','DKT','2017','- Fotokopi Bahan Rapat, Pencetakan, Penjilidan',NULL,'',NULL,NULL,2169000,'','BIS','2017-10-25 16:00:00','172.16.152.43'),(50,'522151','DKE','2017','Belanja Jasa Profesi',NULL,'',NULL,NULL,39200000,'','BIS','2017-10-25 16:00:00','172.16.152.43'),(50,'524113','DKK','2017','Belanja Perjalanan Dinas dalam Kota',NULL,'',NULL,NULL,9000000,'','BIS','2017-10-25 16:00:00','172.16.152.43'),(50,'','DKT','2017','- Konsumsi Rapat',NULL,'',NULL,NULL,23040000,'','BIS','2017-10-25 16:00:00','172.16.152.43'),(51,'524111','DKE','2017','Belanja Perjalanan Biasa',NULL,'',NULL,NULL,103933000,'','BIS','2017-10-25 16:00:00','172.16.152.43'),(51,'524119','DKK','2017','Belanja Perjalanan Dinas Paket Meeting Luar Kota',NULL,'',NULL,NULL,357440000,'','BIS','2017-10-25 16:00:00','172.16.152.43'),(51,'521213','DKT','2017','Honor Output Kegiatan',NULL,'',NULL,NULL,142500000,'','BIS','2017-10-25 16:00:00','172.16.152.43'),(52,'524114','DKE','2017','Belanja Perjalanan Dinas Paket Meeting Dalam Kota',NULL,'',NULL,NULL,21600000,'','BIS','2017-10-25 16:00:00','172.16.152.43'),(52,'012.057','DKK','2017','Pelaksanaan Kegiatan Penggerak Energi Tanah Airt ESDM 2017',NULL,'',NULL,NULL,1235697000,'','BIS','2017-10-25 16:00:00','172.16.152.43'),(52,'521811 ','DKT','2017','Belanja Barang Untuk Persediaan Barang konsumsi',NULL,'',NULL,NULL,9921000,'','BIS','2017-10-25 16:00:00','172.16.152.43'),(53,'521211','DKK','2017','Belanja Bahan',NULL,'',NULL,NULL,181850000,'','BIS','2017-10-25 16:00:00','172.16.152.43'),(53,'522141','DKT','2017','Belanja Sewa',NULL,'',NULL,NULL,22100000,'','BIS','2017-10-25 16:00:00','172.16.152.43'),(54,'','DKK','2017','- Konsumsi Rapat',NULL,'',NULL,NULL,5850000,'','BIS','2017-10-25 16:00:00','172.16.152.43'),(54,'522151','DKT','2017','Belanja Jasa Profesi',NULL,'',NULL,NULL,70200000,'','BIS','2017-10-25 16:00:00','172.16.152.43'),(55,'','DKK','2017','- Penggandaan Merchandise untuk pameran,  dan Penjilidan Laporan dll.',NULL,'',NULL,NULL,176000000,'','BIS','2017-10-25 16:00:00','172.16.152.43'),(55,'524111','DKT','2017','Belanja Perjalanan Biasa',NULL,'',NULL,NULL,300028000,'','BIS','2017-10-25 16:00:00','172.16.152.43'),(56,'521213','DKK','2017','Honor Output Kegiatan',NULL,'',NULL,NULL,353500000,'','BIS','2017-10-25 16:00:00','172.16.152.43'),(56,'524113','DKT','2017','Belanja Perjalanan Dinas dalam Kota',NULL,'',NULL,NULL,3000000,'','BIS','2017-10-25 16:00:00','172.16.152.43'),(57,'521811 ','DKK','2017','Belanja Barang Untuk Persediaan Barang konsumsi',NULL,'',NULL,NULL,9000000,'','BIS','2017-10-25 16:00:00','172.16.152.43'),(57,'524114','DKT','2017','Belanja Perjalanan Dinas Paket Meeting Dalam Kota',NULL,'',NULL,NULL,14800000,'','BIS','2017-10-25 16:00:00','172.16.152.43'),(58,'522151','DKK','2017','Belanja Jasa Profesi',NULL,'',NULL,NULL,52800000,'','BIS','2017-10-25 16:00:00','172.16.152.43'),(58,'524119','DKT','2017','Belanja Perjalanan Dinas Paket Meeting Luar Kota',NULL,'',NULL,NULL,49110000,'','BIS','2017-10-25 16:00:00','172.16.152.43'),(59,'522191','DKK','2017','Belanja Jasa Lainnya',NULL,'',NULL,NULL,295870000,'','BIS','2017-10-25 16:00:00','172.16.152.43'),(59,'052','DKT','2017','Pemasangan Sistem Monitoring Konsumsi Energi dan Penggantian LampuLED di Lingkungan Kementerian ESDM ',NULL,'',NULL,NULL,5199080000,'','BIS','2017-10-25 16:00:00','172.16.152.43'),(60,'524111','DKK','2017','Belanja Perjalanan Biasa',NULL,'',NULL,NULL,150000000,'','BIS','2017-10-25 16:00:00','172.16.152.43'),(60,'532111','DKT','2017','Belanja Modal Peralatan dan Mesin',NULL,'',NULL,NULL,5199080000,'','BIS','2017-10-25 16:00:00','172.16.152.43'),(61,'524113','DKK','2017','Belanja Perjalanan Dinas dalam Kota',NULL,'',NULL,NULL,75000000,'','BIS','2017-10-25 16:00:00','172.16.152.43'),(61,'053','DKT','2017','Monitoring Terhadap Pencapaian Emisi Gas Rumah Kaca (GRK) RAN-RAD',NULL,'',NULL,NULL,474755000,'','BIS','2017-10-25 16:00:00','172.16.152.43'),(62,'524119','DKK','2017','Belanja Perjalanan Dinas Paket Meeting Luar Kota',NULL,'',NULL,NULL,117677000,'','BIS','2017-10-25 16:00:00','172.16.152.43'),(62,'521211','DKT','2017','Belanja Bahan',NULL,'',NULL,NULL,25228000,'','BIS','2017-10-25 16:00:00','172.16.152.43'),(63,'','DKT','2017','- Fotokopi Bahan Rapat, Pencetakan, Penjilidan',NULL,'',NULL,NULL,2188000,'','BIS','2017-10-25 16:00:00','172.16.152.43'),(64,'','DKT','2017','- Konsumsi Rapat',NULL,'',NULL,NULL,23040000,'','BIS','2017-10-25 16:00:00','172.16.152.43'),(65,'521213','DKT','2017','Honor Output Kegiatan',NULL,'',NULL,NULL,142500000,'','BIS','2017-10-25 16:00:00','172.16.152.43'),(66,'521811 ','DKT','2017','Belanja Barang Untuk Persediaan Barang konsumsi',NULL,'',NULL,NULL,8433000,'','BIS','2017-10-25 16:00:00','172.16.152.43'),(67,'522151','DKT','2017','Belanja Jasa Profesi',NULL,'',NULL,NULL,70200000,'','BIS','2017-10-25 16:00:00','172.16.152.43'),(68,'524111','DKT','2017','Belanja Perjalanan Biasa',NULL,'',NULL,NULL,147124000,'','BIS','2017-10-25 16:00:00','172.16.152.43'),(69,'524113','DKT','2017','Belanja Perjalanan Dinas dalam Kota',NULL,'',NULL,NULL,4500000,'','BIS','2017-10-25 16:00:00','172.16.152.43'),(70,'524114','DKT','2017','Belanja Perjalanan Dinas Paket Meeting Dalam Kota',NULL,'',NULL,NULL,22200000,'','BIS','2017-10-25 16:00:00','172.16.152.43'),(71,'524119','DKT','2017','Belanja Perjalanan Dinas Paket Meeting Luar Kota',NULL,'',NULL,NULL,54570000,'','BIS','2017-10-25 16:00:00','172.16.152.43');

/*Table structure for table `rkk4ld1p4_tmp` */

DROP TABLE IF EXISTS `rkk4ld1p4_tmp`;

CREATE TABLE `rkk4ld1p4_tmp` (
  `id_rkkal` int(11) NOT NULL DEFAULT '0',
  `kd_apbn` varchar(20) NOT NULL DEFAULT '',
  `kd_subdir` char(3) NOT NULL DEFAULT '',
  `thn_anggaran` varchar(15) NOT NULL DEFAULT '',
  `uraian_kegiatan` varchar(255) NOT NULL DEFAULT '',
  `volume` int(10) NOT NULL,
  `satuan` varchar(25) NOT NULL DEFAULT '',
  `harga_satuan` bigint(20) NOT NULL,
  `jumlah` bigint(20) NOT NULL,
  `anggaran` bigint(20) NOT NULL,
  `file_rkkal` varchar(20) NOT NULL DEFAULT '',
  `id_user` char(11) NOT NULL DEFAULT '',
  `wkt_input` datetime NOT NULL,
  `ip_input` varchar(20) NOT NULL DEFAULT '',
  `revisi` int(11) NOT NULL DEFAULT '0',
  PRIMARY KEY (`id_rkkal`,`kd_subdir`,`thn_anggaran`)
) ENGINE=InnoDB DEFAULT CHARSET=utf8;

/*Data for the table `rkk4ld1p4_tmp` */

/*Table structure for table `student` */

DROP TABLE IF EXISTS `student`;

CREATE TABLE `student` (
  `id` int(10) NOT NULL AUTO_INCREMENT,
  `full_name` varchar(255) NOT NULL DEFAULT '',
  `address` varchar(255) NOT NULL DEFAULT '',
  `phone` varchar(255) NOT NULL DEFAULT '',
  PRIMARY KEY (`id`,`full_name`)
) ENGINE=InnoDB AUTO_INCREMENT=6 DEFAULT CHARSET=latin1;

/*Data for the table `student` */

insert  into `student`(`id`,`full_name`,`address`,`phone`) values (1,'aaa','aaa','aaax 123'),(2,'bbb','bbb','bbb'),(3,'ccc','ccc','ccc'),(5,'aaa','aax','aaa');

/*Table structure for table `sub_ind1k4t0r` */

DROP TABLE IF EXISTS `sub_ind1k4t0r`;

CREATE TABLE `sub_ind1k4t0r` (
  `id_sub_indikator` char(11) NOT NULL COMMENT 'SIND115190001',
  `id_indikator` char(9) NOT NULL COMMENT 'IND115190001',
  `uraian_keberhasilan` text NOT NULL,
  `target` int(10) DEFAULT NULL,
  PRIMARY KEY (`id_sub_indikator`),
  KEY `id_indikator_idx` (`id_indikator`)
) ENGINE=InnoDB DEFAULT CHARSET=utf8;

/*Data for the table `sub_ind1k4t0r` */

insert  into `sub_ind1k4t0r`(`id_sub_indikator`,`id_indikator`,`uraian_keberhasilan`,`target`) values ('DKA17001.1','DKA17001','Tri Wulan I (B03, s.d. Maret 2017), Target 10 ME dan 10 AE',25),('DKA17001.2','DKA17001','Tri Wulan II (B06, s.d. Juni 2017), Target 20 ME dan 10 AE',25),('DKA17001.3','DKA17001','Tri Wulan III (B09, s.d. September 2017), Target 15 ME dan 20 AE',25),('DKA17001.4','DKA17001','Tri Wulan IV (B09, s.d. September 2017), Target 15 ME dan 20 AE',25),('DKA17002.1','DKA17002','Tri Wulan I (B03, s.d. Maret 2017), Target 2 objek telah diaudit energi',25),('DKA17002.2','DKA17002','Tri Wulan II (B06, s.d. Juni 2017), Target 10 objek telah diaudit energi',25),('DKA17002.3','DKA17002','Tri Wulan III (B09, s.d. September 2017)',25),('DKA17002.4','DKA17002','Tri Wulan IV (B12, s.d. Desember 2017)',25),('DKE17001.1','DKE17001','Tri Wulan I (B03, s.d. Maret 2017), Target: pemilihan lokasi IGA',25),('DKE17001.2','DKE17001','Tri Wulan II (B06, s.d. Juni 2017), Target: terlaksananya audit energi secara mendetail',25),('DKE17001.3','DKE17001','Tri Wulan III (B09, s.d. September 2017), Target: review data audit energi dan pembahasan draft Laporan IGA dari Sumber Eksternal',25),('DKE17001.4','DKE17001','Tri Wulan IV (B12, s.d. Desember 2017), Target: finalisasi IGA dan penjabarannya kepada objek IGA',25),('DKE17002.1','DKE17002','Tri Wulan I (B03, s.d. Maret 2017), Target 0.00142 Milyar US$',25),('DKE17002.2','DKE17002','Tri Wulan II (B06, s.d. Juni 2017), Target 0.002 Milyar US$',25),('DKE17002.3','DKE17002','Tri Wulan III (B09, s.d. September 2017), Target 0.0025 Milyar US$',25),('DKE17002.4','DKE17002','Tri Wulan IV (B12, s.d. Desember 2017), Target 0.003 Milyar US$',25),('DKP17001.1','DKP17001','Tri Wulan I (B03, s.d. Maret 2017), Target 437 SBM/Milyar Rp',25),('DKP17001.2','DKP17001','Tri Wulan II (B06, s.d. Juni 2017), Target 437 SBM/Milyar Rp',25),('DKP17001.3','DKP17001','Tri Wulan III (B09, s.d. September 2017), Target 435 SBM/Milyar Rp',25),('DKP17001.4','DKP17001','Tri Wulan IV (B12, s.d. Desember 2017), Target 434 SBM/Milyar Rp',25),('DKT17001.1','DKT17001','Tri Wulan I (B03, s.d. Maret 2017), Target: (i) Penyusunan Draft PerMen kulkas dan motor listrik masuk ke Bagian Hukum dan Public Hearing; (ii) Penyusunan Draft PerMen rice cooker dan kipas angin; dan (iii) Draft revisi PerMen masuk ke Bagian Hukum dan Public Hearing',25),('DKT17001.2','DKT17001','Tri Wulan II (B06, s.d. Juni 2017), Target: (i) Pembahasan dengan Biro Hukum; (ii) Legal drafting oleh Bagian Hukum dan Public Hearing; dan (iii) Pembahasan dengan Biro Hukum.',25),('DKT17001.3','DKT17001','Tri Wulan III (B09, s.d. September 2017), Target: (i) Pembahasan dengan Biro Hukum, 2 PerMen yaitu (kulkas dan motor listrik) dan (rice cooker dan kipas angin) ; dan (ii) Pembahasan dengan Biro Hukum, 1 PerMen AC',25),('DKT17001.4','DKT17001','Tri Wulan IV (B12, s.d. Desember 2017), Target: 3 PerMen diterbitkan',25),('DKT17002.1','DKT17002','Tri Wulan I (B03, s.d. Maret 2017), Target 30.62 juta ton',25),('DKT17002.2','DKT17002','Tri Wulan II (B06, s.d. Juni 2017), Target 32.10 juta ton',25),('DKT17002.3','DKT17002','Tri Wulan III (B09, s.d. September 2017), Target 33.0 juta ton',25),('DKT17002.4','DKT17002','Tri Wulan IV (B12, s.d. Desember 2017), Target 33.6 juta ton',25);

/*Table structure for table `sub_ind1k4t0r_3ntr1` */

DROP TABLE IF EXISTS `sub_ind1k4t0r_3ntr1`;

CREATE TABLE `sub_ind1k4t0r_3ntr1` (
  `id_sub_indikator` char(11) NOT NULL COMMENT 'SIND115190001',
  `id_indikator` char(9) NOT NULL COMMENT 'IND115190001',
  `tri_wulan` varchar(10) NOT NULL,
  `capaian` int(10) NOT NULL,
  `uraian_keberhasilan_entri` text NOT NULL,
  `kendala` text NOT NULL,
  `timeline` varchar(50) NOT NULL,
  `bobot_nilai` int(10) DEFAULT NULL,
  `tahun` varchar(4) NOT NULL,
  PRIMARY KEY (`id_sub_indikator`,`tahun`),
  KEY `id_indikator_idx` (`id_indikator`)
) ENGINE=InnoDB DEFAULT CHARSET=utf8;

/*Data for the table `sub_ind1k4t0r_3ntr1` */

insert  into `sub_ind1k4t0r_3ntr1`(`id_sub_indikator`,`id_indikator`,`tri_wulan`,`capaian`,`uraian_keberhasilan_entri`,`kendala`,`timeline`,`bobot_nilai`,`tahun`) values ('DKA17001.1','DKA17001','I',18,'Tri Wulan I (B03, s.d. Maret 2017), Target 10 ME dan 10 AE Tri Wulan III (B09, s.d. September 2017) ','OK','2018-01-18 - 2018-02-11',15,'2017'),('DKA17001.2','DKA17001','II',24,'OK','OK','2018-02-27 - 2018-03-01',30,'2017'),('DKA17001.3','DKA17001','III',15,'OK','OK','2018-02-01 - 2018-02-27',20,'2017'),('DKA17001.4','DKA17001','IV',25,'OK','OK','2018-02-01 - 2018-02-27',35,'2017');

/*Table structure for table `subd1r3kt0r4t` */

DROP TABLE IF EXISTS `subd1r3kt0r4t`;

CREATE TABLE `subd1r3kt0r4t` (
  `kd_subdir` char(3) NOT NULL COMMENT 'DKA, DKE, DKK,DKP,DKT',
  `nm_subdir` varchar(50) NOT NULL,
  `kd_direktorat` char(7) NOT NULL,
  PRIMARY KEY (`kd_subdir`),
  KEY `nm_subdir_idx` (`nm_subdir`)
) ENGINE=InnoDB DEFAULT CHARSET=utf8;

/*Data for the table `subd1r3kt0r4t` */

insert  into `subd1r3kt0r4t`(`kd_subdir`,`nm_subdir`,`kd_direktorat`) values ('DKA','Pengawasan Konservasi Energi','DIR01'),('DKE','Pengembangan Usaha Konservasi Energi','DIR01'),('DKK','Bimbingan Teknis dan Kerja Sama Konservasi Energi','DIR01'),('DKP','Penyiapan Program Konservasi Energi','DIR01'),('DKT','Peneraan Teknologi Konservasi Energi','DIR01'),('x','xx','x');

/*Table structure for table `u53r` */

DROP TABLE IF EXISTS `u53r`;

CREATE TABLE `u53r` (
  `id_user` char(11) NOT NULL COMMENT 'USR17010001',
  `nama_user` varchar(50) NOT NULL,
  `pass_user` varchar(50) NOT NULL,
  `level_user` varchar(20) NOT NULL,
  `kd_subdir` char(3) NOT NULL,
  `kd_direktorat` char(5) NOT NULL,
  PRIMARY KEY (`id_user`),
  KEY `nama_user_idx` (`nama_user`)
) ENGINE=InnoDB DEFAULT CHARSET=utf8;

/*Data for the table `u53r` */

insert  into `u53r`(`id_user`,`nama_user`,`pass_user`,`level_user`,`kd_subdir`,`kd_direktorat`) values ('AJT','Adjat Sudradjat','3ef7fbdded23d84bd56eef6048da485c','Operator','DKE','DIR01'),('BIS','Budi Santoso','227cee183f9b009e2f81f2f8339e281b','Administrator','DIR','ADMIN'),('HRO','Hariyanto','86f7f8715c21598ba382f76914d63fb6','Operator','DKA','DIR01');

/*Table structure for table `user` */

DROP TABLE IF EXISTS `user`;

CREATE TABLE `user` (
  `id` int(11) NOT NULL AUTO_INCREMENT,
  `username` varchar(255) COLLATE utf8_unicode_ci NOT NULL,
  `alias` varchar(255) COLLATE utf8_unicode_ci NOT NULL,
  `kd_direktorat` varchar(7) COLLATE utf8_unicode_ci NOT NULL,
  `kd_subdir` varchar(3) COLLATE utf8_unicode_ci NOT NULL,
  `auth_key` varchar(32) COLLATE utf8_unicode_ci NOT NULL,
  `password_hash` varchar(255) COLLATE utf8_unicode_ci NOT NULL,
  `password_reset_token` varchar(255) COLLATE utf8_unicode_ci DEFAULT NULL,
  `email` varchar(255) COLLATE utf8_unicode_ci NOT NULL,
  `status` smallint(6) NOT NULL DEFAULT '10',
  `created_at` int(11) NOT NULL,
  `updated_at` int(11) NOT NULL,
  `role` enum('user','admin','godmode') COLLATE utf8_unicode_ci DEFAULT NULL,
  PRIMARY KEY (`id`),
  UNIQUE KEY `username` (`username`),
  UNIQUE KEY `password_reset_token` (`password_reset_token`)
) ENGINE=InnoDB AUTO_INCREMENT=4 DEFAULT CHARSET=utf8 COLLATE=utf8_unicode_ci;

/*Data for the table `user` */

insert  into `user`(`id`,`username`,`alias`,`kd_direktorat`,`kd_subdir`,`auth_key`,`password_hash`,`password_reset_token`,`email`,`status`,`created_at`,`updated_at`,`role`) values (1,'admin','Rahmat Tri Yunandar, M.Kom','DIR01','DKA','r_kUl_o88clNFuhy7ZOgpUHTJAhTnhFx','$2y$13$f/mMXsx2rd01Ql4Vw/d/uO3dOolqAT1NFKXpMLOiRrBnXP.E2KgRK','$2y$13$f/mMXsx2rd01Ql4Vw/d/uO3dOolqAT1NFKXpMLOiRrBnXP.E2KgRK','rahmat.rtr@gmail.com',10,1509521827,1509521827,'admin'),(3,'rtr','Rahmat Tri Yunandar, M.Kom','DIR01','DKA','r_kUl_o88clNFuhy7ZOgpUHTJAhTnhFx','$2y$13$f/mMXsx2rd01Ql4Vw/d/uO3dOolqAT1NFKXpMLOiRrBnXP.E2KgRK','','rahmat.rtr@bsi.com',10,1509521827,1509521827,'user');

/*Table structure for table `v_p_rkkal` */

DROP TABLE IF EXISTS `v_p_rkkal`;

/*!50001 DROP VIEW IF EXISTS `v_p_rkkal` */;
/*!50001 DROP TABLE IF EXISTS `v_p_rkkal` */;

/*!50001 CREATE TABLE  `v_p_rkkal`(
 `total_pagu` decimal(41,0) ,
 `total_realisasi` decimal(41,0) ,
 `total_saldo` decimal(42,0) ,
 `persen_realisasi` decimal(47,2) ,
 `persen_saldo` decimal(48,2) 
)*/;

/*Table structure for table `v_p_rkkal_subdir` */

DROP TABLE IF EXISTS `v_p_rkkal_subdir`;

/*!50001 DROP VIEW IF EXISTS `v_p_rkkal_subdir` */;
/*!50001 DROP TABLE IF EXISTS `v_p_rkkal_subdir` */;

/*!50001 CREATE TABLE  `v_p_rkkal_subdir`(
 `kd_subdir` char(3) ,
 `thn_anggaran` char(4) ,
 `jml_pagu_t_1` text ,
 `jml_realisasi_t_1` text ,
 `jml_saldo_t_1` text ,
 `persen_realisasi_t_1` text ,
 `persen_saldo_t_1` text ,
 `jml_pagu_t_2` text ,
 `jml_realisasi_t_2` text ,
 `jml_saldo_t_2` text ,
 `persen_realisasi_t_2` text ,
 `persen_saldo_t_2` text ,
 `jml_pagu_t_3` text ,
 `jml_realisasi_t_3` text ,
 `jml_saldo_t_3` text ,
 `persen_realisasi_t_3` text ,
 `persen_saldo_t_3` text ,
 `jml_pagu_t_4` text ,
 `jml_realisasi_t_4` text ,
 `jml_saldo_t_4` text ,
 `persen_realisasi_t_4` text ,
 `persen_saldo_t_4` text 
)*/;

/*Table structure for table `v_p_rkkal_tri_wulan` */

DROP TABLE IF EXISTS `v_p_rkkal_tri_wulan`;

/*!50001 DROP VIEW IF EXISTS `v_p_rkkal_tri_wulan` */;
/*!50001 DROP TABLE IF EXISTS `v_p_rkkal_tri_wulan` */;

/*!50001 CREATE TABLE  `v_p_rkkal_tri_wulan`(
 `triwulan` varchar(21) ,
 `total_jml_pagu` decimal(41,0) ,
 `total_jml_realisasi` decimal(41,0) ,
 `total_saldo` decimal(42,0) ,
 `persen_jml_realisasi` decimal(47,2) ,
 `persen_saldo` decimal(48,2) 
)*/;

/*View structure for view v_p_rkkal */

/*!50001 DROP TABLE IF EXISTS `v_p_rkkal` */;
/*!50001 DROP VIEW IF EXISTS `v_p_rkkal` */;

/*!50001 CREATE ALGORITHM=UNDEFINED DEFINER=`ajat`@`%` SQL SECURITY DEFINER VIEW `v_p_rkkal` AS (select sum(`s1k0n3k`.`rkk4l_d1p4_pr353nt453`.`jml_pagu`) AS `total_pagu`,sum(`s1k0n3k`.`rkk4l_d1p4_pr353nt453`.`jml_realisasi`) AS `total_realisasi`,(sum(`s1k0n3k`.`rkk4l_d1p4_pr353nt453`.`jml_pagu`) - sum(`s1k0n3k`.`rkk4l_d1p4_pr353nt453`.`jml_realisasi`)) AS `total_saldo`,round(((sum(`s1k0n3k`.`rkk4l_d1p4_pr353nt453`.`jml_realisasi`) / sum(`s1k0n3k`.`rkk4l_d1p4_pr353nt453`.`jml_pagu`)) * 100),2) AS `persen_realisasi`,round((((sum(`s1k0n3k`.`rkk4l_d1p4_pr353nt453`.`jml_pagu`) - sum(`s1k0n3k`.`rkk4l_d1p4_pr353nt453`.`jml_realisasi`)) / sum(`s1k0n3k`.`rkk4l_d1p4_pr353nt453`.`jml_pagu`)) * 100),2) AS `persen_saldo` from `rkk4l_d1p4_pr353nt453`) */;

/*View structure for view v_p_rkkal_subdir */

/*!50001 DROP TABLE IF EXISTS `v_p_rkkal_subdir` */;
/*!50001 DROP VIEW IF EXISTS `v_p_rkkal_subdir` */;

/*!50001 CREATE ALGORITHM=UNDEFINED DEFINER=`ajat`@`%` SQL SECURITY DEFINER VIEW `v_p_rkkal_subdir` AS (select `s1k0n3k`.`rkk4l_d1p4_pr353nt453`.`kd_subdir` AS `kd_subdir`,`s1k0n3k`.`rkk4l_d1p4_pr353nt453`.`thn_anggaran` AS `thn_anggaran`,group_concat((case when (`s1k0n3k`.`rkk4l_d1p4_pr353nt453`.`triwulan` = _utf8'1') then `s1k0n3k`.`rkk4l_d1p4_pr353nt453`.`jml_pagu` end) separator ',') AS `jml_pagu_t_1`,group_concat((case when (`s1k0n3k`.`rkk4l_d1p4_pr353nt453`.`triwulan` = _utf8'1') then `s1k0n3k`.`rkk4l_d1p4_pr353nt453`.`jml_realisasi` end) separator ',') AS `jml_realisasi_t_1`,group_concat((case when (`s1k0n3k`.`rkk4l_d1p4_pr353nt453`.`triwulan` = _utf8'1') then `s1k0n3k`.`rkk4l_d1p4_pr353nt453`.`jml_saldo` end) separator ',') AS `jml_saldo_t_1`,group_concat((case when (`s1k0n3k`.`rkk4l_d1p4_pr353nt453`.`triwulan` = _utf8'1') then `s1k0n3k`.`rkk4l_d1p4_pr353nt453`.`persen_realisasi` end) separator ',') AS `persen_realisasi_t_1`,group_concat((case when (`s1k0n3k`.`rkk4l_d1p4_pr353nt453`.`triwulan` = _utf8'1') then `s1k0n3k`.`rkk4l_d1p4_pr353nt453`.`persen_saldo` end) separator ',') AS `persen_saldo_t_1`,group_concat((case when (`s1k0n3k`.`rkk4l_d1p4_pr353nt453`.`triwulan` = _utf8'2') then `s1k0n3k`.`rkk4l_d1p4_pr353nt453`.`jml_pagu` end) separator ',') AS `jml_pagu_t_2`,group_concat((case when (`s1k0n3k`.`rkk4l_d1p4_pr353nt453`.`triwulan` = _utf8'2') then `s1k0n3k`.`rkk4l_d1p4_pr353nt453`.`jml_realisasi` end) separator ',') AS `jml_realisasi_t_2`,group_concat((case when (`s1k0n3k`.`rkk4l_d1p4_pr353nt453`.`triwulan` = _utf8'2') then `s1k0n3k`.`rkk4l_d1p4_pr353nt453`.`jml_saldo` end) separator ',') AS `jml_saldo_t_2`,group_concat((case when (`s1k0n3k`.`rkk4l_d1p4_pr353nt453`.`triwulan` = _utf8'2') then `s1k0n3k`.`rkk4l_d1p4_pr353nt453`.`persen_realisasi` end) separator ',') AS `persen_realisasi_t_2`,group_concat((case when (`s1k0n3k`.`rkk4l_d1p4_pr353nt453`.`triwulan` = _utf8'2') then `s1k0n3k`.`rkk4l_d1p4_pr353nt453`.`persen_saldo` end) separator ',') AS `persen_saldo_t_2`,group_concat((case when (`s1k0n3k`.`rkk4l_d1p4_pr353nt453`.`triwulan` = _utf8'3') then `s1k0n3k`.`rkk4l_d1p4_pr353nt453`.`jml_pagu` end) separator ',') AS `jml_pagu_t_3`,group_concat((case when (`s1k0n3k`.`rkk4l_d1p4_pr353nt453`.`triwulan` = _utf8'3') then `s1k0n3k`.`rkk4l_d1p4_pr353nt453`.`jml_realisasi` end) separator ',') AS `jml_realisasi_t_3`,group_concat((case when (`s1k0n3k`.`rkk4l_d1p4_pr353nt453`.`triwulan` = _utf8'3') then `s1k0n3k`.`rkk4l_d1p4_pr353nt453`.`jml_saldo` end) separator ',') AS `jml_saldo_t_3`,group_concat((case when (`s1k0n3k`.`rkk4l_d1p4_pr353nt453`.`triwulan` = _utf8'3') then `s1k0n3k`.`rkk4l_d1p4_pr353nt453`.`persen_realisasi` end) separator ',') AS `persen_realisasi_t_3`,group_concat((case when (`s1k0n3k`.`rkk4l_d1p4_pr353nt453`.`triwulan` = _utf8'3') then `s1k0n3k`.`rkk4l_d1p4_pr353nt453`.`persen_saldo` end) separator ',') AS `persen_saldo_t_3`,group_concat((case when (`s1k0n3k`.`rkk4l_d1p4_pr353nt453`.`triwulan` = _utf8'4') then `s1k0n3k`.`rkk4l_d1p4_pr353nt453`.`jml_pagu` end) separator ',') AS `jml_pagu_t_4`,group_concat((case when (`s1k0n3k`.`rkk4l_d1p4_pr353nt453`.`triwulan` = _utf8'4') then `s1k0n3k`.`rkk4l_d1p4_pr353nt453`.`jml_realisasi` end) separator ',') AS `jml_realisasi_t_4`,group_concat((case when (`s1k0n3k`.`rkk4l_d1p4_pr353nt453`.`triwulan` = _utf8'4') then `s1k0n3k`.`rkk4l_d1p4_pr353nt453`.`jml_saldo` end) separator ',') AS `jml_saldo_t_4`,group_concat((case when (`s1k0n3k`.`rkk4l_d1p4_pr353nt453`.`triwulan` = _utf8'4') then `s1k0n3k`.`rkk4l_d1p4_pr353nt453`.`persen_realisasi` end) separator ',') AS `persen_realisasi_t_4`,group_concat((case when (`s1k0n3k`.`rkk4l_d1p4_pr353nt453`.`triwulan` = _utf8'4') then `s1k0n3k`.`rkk4l_d1p4_pr353nt453`.`persen_saldo` end) separator ',') AS `persen_saldo_t_4` from `rkk4l_d1p4_pr353nt453` group by `s1k0n3k`.`rkk4l_d1p4_pr353nt453`.`kd_subdir`,`s1k0n3k`.`rkk4l_d1p4_pr353nt453`.`thn_anggaran`,`s1k0n3k`.`rkk4l_d1p4_pr353nt453`.`triwulan` order by `s1k0n3k`.`rkk4l_d1p4_pr353nt453`.`kd_subdir`,`s1k0n3k`.`rkk4l_d1p4_pr353nt453`.`thn_anggaran`,`s1k0n3k`.`rkk4l_d1p4_pr353nt453`.`triwulan`) */;

/*View structure for view v_p_rkkal_tri_wulan */

/*!50001 DROP TABLE IF EXISTS `v_p_rkkal_tri_wulan` */;
/*!50001 DROP VIEW IF EXISTS `v_p_rkkal_tri_wulan` */;

/*!50001 CREATE ALGORITHM=UNDEFINED DEFINER=`ajat`@`%` SQL SECURITY DEFINER VIEW `v_p_rkkal_tri_wulan` AS (select concat(_utf8'Tri Wulan ',`s1k0n3k`.`rkk4l_d1p4_pr353nt453`.`triwulan`) AS `triwulan`,sum(`s1k0n3k`.`rkk4l_d1p4_pr353nt453`.`jml_pagu`) AS `total_jml_pagu`,sum(`s1k0n3k`.`rkk4l_d1p4_pr353nt453`.`jml_realisasi`) AS `total_jml_realisasi`,(sum(`s1k0n3k`.`rkk4l_d1p4_pr353nt453`.`jml_pagu`) - sum(`s1k0n3k`.`rkk4l_d1p4_pr353nt453`.`jml_realisasi`)) AS `total_saldo`,round(((sum(`s1k0n3k`.`rkk4l_d1p4_pr353nt453`.`jml_realisasi`) / sum(`s1k0n3k`.`rkk4l_d1p4_pr353nt453`.`jml_pagu`)) * 100),2) AS `persen_jml_realisasi`,round((((sum(`s1k0n3k`.`rkk4l_d1p4_pr353nt453`.`jml_pagu`) - sum(`s1k0n3k`.`rkk4l_d1p4_pr353nt453`.`jml_realisasi`)) / sum(`s1k0n3k`.`rkk4l_d1p4_pr353nt453`.`jml_pagu`)) * 100),2) AS `persen_saldo` from `rkk4l_d1p4_pr353nt453` group by `s1k0n3k`.`rkk4l_d1p4_pr353nt453`.`triwulan`) */;

/*!40101 SET SQL_MODE=@OLD_SQL_MODE */;
/*!40014 SET FOREIGN_KEY_CHECKS=@OLD_FOREIGN_KEY_CHECKS */;
/*!40014 SET UNIQUE_CHECKS=@OLD_UNIQUE_CHECKS */;
/*!40111 SET SQL_NOTES=@OLD_SQL_NOTES */;
